"Identificador URL";Nome;Categorias;"Nome da varia巫o 1";"Valor da varia巫o 1";"Nome da varia巫o 2";"Valor da varia巫o 2";"Nome da varia巫o 3";"Valor da varia巫o 3";Pre每;"Pre每 promocional";"Peso (kg)";"Altura (cm)";"Largura (cm)";"Comprimento (cm)";Estoque;SKU;"C祚igo de barras";"Exibir na loja";"Frete gratis";Descri巫o;Tags;"T狎ulo para SEO";"Descri巫o para SEO";Marca;"Produto F押ico";"MPN (C祚. Exclusivo Modelo Fabricante)";Sexo;"Faixa et痙ia";Custo
vestido-chemise-longo-plus-size-secret-glam;"VESTIDO CHEMISE LONGO PLUS SIZE SECRET GLAM";;Tamanho/cor;G1/AZUL;;;;;219.90;;0.00;0.00;0.00;0.00;1;1871;7900228701310;SIM;N츒;;;;;;SIM;;;;
vestido-midi-ribana-canelada;"VESTIDO MIDI RIBANA CANELADA";"FEMININO > VESTIDOS";Tamanho/cor;P/PRETO;;;;;89.99;;0.00;0.00;0.00;0.00;1;918375;7900228605281;SIM;N츒;;;;;;SIM;;;;
vestido-midi-ribana-canelada;;;Tamanho/cor;M/PRETO;;;;;89.99;;0.00;0.00;0.00;0.00;1;918375;7900228605298;;;;;;;;;;;;
vestido-midi-ribana-canelada;;;Tamanho/cor;"P/AZUL MARINHO";;;;;89.99;;0.00;0.00;0.00;0.00;1;918375;7900228605243;;;;;;;;;;;;
calca-feminina-em-linho-com-bolsos-endless;"Cal網 Feminina Em Linho Com Bolsos Endless";;Tamanho;M;;;;;149.99;;0.00;0.00;0.00;0.00;1;15752;7900228614276;SIM;N츒;;;;;;SIM;;;;
calca-feminina-em-linho-com-bolsos-endless;;;Tamanho;G;;;;;149.99;;0.00;0.00;0.00;0.00;1;15752;7900228614283;;;;;;;;;;;;
t-shirt-feminina-manga-curta-cristal;"T- SHIRT FEMININA MANGA CURTA CRISTAL";"FEMININO > T-SHIRT";Tamanho;P;;;;;89.99;;0.00;0.00;0.00;0.00;1;15770;7900228709682;SIM;N츒;;;;;;SIM;;;;
t-shirt-feminina-manga-curta-cristal;;;Tamanho;M;;;;;89.99;;0.00;0.00;0.00;0.00;1;15770;7900228709699;;;;;;;;;;;;
t-shirt-feminina-manga-curta-cristal;;;Tamanho;G;;;;;89.99;;0.00;0.00;0.00;0.00;0;15770;7900228709705;;;;;;;;;;;;
t-shirt-feminina-manga-curta-cristal;;;Tamanho;P/PRETO;;;;;89.99;;0.00;0.00;0.00;0.00;1;15770;7900228709729;;;;;;;;;;;;
t-shirt-feminina-manga-curta-cristal;;;Tamanho;M/PRETO;;;;;89.99;;0.00;0.00;0.00;0.00;1;15770;7900228709736;;;;;;;;;;;;
t-shirt-feminina-manga-curta-cristal;;;Tamanho;G/PRETO;;;;;89.99;;0.00;0.00;0.00;0.00;1;15770;7900228709743;;;;;;;;;;;;
regata-feminina-em-ribana-canelada-lurex;"Regata Feminina Em Ribana Canelada Lurex";;Tamanho/cor;P/LARANJA;;;;;49.99;;0.00;0.00;0.00;0.00;1;6170645;7900228011174;SIM;N츒;;;;;;SIM;;;;
regata-feminina-em-ribana-canelada-lurex;;;Tamanho/cor;M/LARANJA;;;;;49.99;;0.00;0.00;0.00;0.00;1;6170645;7900228011181;;;;;;;;;;;;
regata-feminina-em-ribana-canelada-lurex;;;Tamanho/cor;"P/VERDE MATTE";;;;;49.99;;0.00;0.00;0.00;0.00;1;6170645;7900228011136;;;;;;;;;;;;
regata-feminina-em-ribana-canelada-lurex;;;Tamanho/cor;P/LIL쳅;;;;;49.99;;0.00;0.00;0.00;0.00;1;6170645;7900228011099;;;;;;;;;;;;
blusa-em-ribana-canelada2;"BLUSA EM RIBANA CANELADA";;Tamanho;P;;;;;49.99;;0.00;0.00;0.00;0.00;1;9183;7900228599184;SIM;N츒;;;;;;SIM;;;;
blusa-em-ribana-canelada2;;;Tamanho;M;;;;;49.99;;0.00;0.00;0.00;0.00;1;9183;7900228599191;;;;;;;;;;;;
blusa-em-ribana-canelada2;;;Tamanho;G;;;;;49.99;;0.00;0.00;0.00;0.00;1;9183;7900228599207;;;;;;;;;;;;
blusa-em-ribana-canelada;"Blusa em Ribana Canelada";;Tamanho;P;;;;;49.99;;0.00;0.00;0.00;0.00;1;6032;7900228599306;SIM;N츒;;;;;;SIM;;;;
blusa-em-ribana-canelada;;;Tamanho;M;;;;;49.99;;0.00;0.00;0.00;0.00;1;6032;7900228599313;;;;;;;;;;;;
blusa-em-ribana-canelada;;;Tamanho;G;;;;;49.99;;0.00;0.00;0.00;0.00;1;6032;7900228599320;;;;;;;;;;;;
regata-feminina-em-ribana;"Regata Feminina em Ribana";;Tamanho;P;;;;;79.99;;0.00;0.00;0.00;0.00;1;6174045;7900228683616;SIM;N츒;;;;;;SIM;;;;
regata-feminina-em-ribana;;;Tamanho;M;;;;;79.99;;0.00;0.00;0.00;0.00;1;6174045;7900228683623;;;;;;;;;;;;
regata-feminina-em-ribana;;;Tamanho;G;;;;;79.99;;0.00;0.00;0.00;0.00;1;6174045;7900228683630;;;;;;;;;;;;
camiseta-masculina-cotton-leve-diametro1;"Camiseta Masculina Cotton Leve Diametro";;Tamanho;M;;;;;74.99;;0.00;0.00;0.00;0.00;1;00889;7900228696302;SIM;N츒;;;;;;SIM;;;;
camiseta-masculina-cotton-leve-diametro1;;;Tamanho;G;;;;;74.99;;0.00;0.00;0.00;0.00;1;00889;7900228696319;;;;;;;;;;;;
camiseta-masculina-cotton-leve-diametro;"Camiseta Masculina Cotton Leve Diametro";;Tamanho;p;;;;;79.99;;0.00;0.00;0.00;0.00;1;0899;7900228667296;SIM;N츒;;;;;;SIM;;;;
camiseta-masculina-cotton-leve-diametro;;;Tamanho;G;;;;;79.99;;0.00;0.00;0.00;0.00;1;0899;7900228667319;;;;;;;;;;;;
camiseta-masculina-manga-curta-meia-malha-diametro;"Camiseta Masculina Manga Curta Meia Malha Diametro";;Tamanho;M;;;;;69.99;;0.00;0.00;0.00;0.00;1;008845;7900228668385;SIM;N츒;;;;;;SIM;;;;
camiseta-masculina-manga-curta-meia-malha-diametro;;;Tamanho;G;;;;;69.99;;0.00;0.00;0.00;0.00;1;008845;7900228668392;;;;;;;;;;;;
camiseta-masculina-manga-curta-meia-malha-diametro;;;Tamanho;GG;;;;;69.99;;0.00;0.00;0.00;0.00;1;008845;7900228668408;;;;;;;;;;;;
camiseta-masculina-manga-curta-meia-malha-diametro;;;Tamanho;G2;;;;;0.00;;0.00;0.00;0.00;0.00;0;008845;7909997013549;;;;;;;;;;;;
camiseta-masculina-manga-curta-meia-malha-diametro1;"Camiseta Masculina Manga Curta Meia Malha Diametro";;T;Padr伋;Tamanho;m;;;64.99;;0.00;0.00;0.00;0.00;1;00902;7900228694179;SIM;N츒;;;;;;SIM;;;;
camiseta-masculina-manga-curta-meia-malha-diametro1;;;T;Padr伋;Tamanho;G;;;69.99;;0.00;0.00;0.00;0.00;1;00902;7900228694186;;;;;;;;;;;;
camiseta-masculina-manga-curta-meia-malha-diametro1;;;T;GG;Tamanho;Padr伋;;;64.99;;0.00;0.00;0.00;0.00;1;00902;7900228694193;;;;;;;;;;;;
camiseta-masculina-cotton-listrado-diametro;"CAMISETA MASCULINA COTTON LISTRADO DIAMETRO";"MASCULINO > CAMISETA";Tamanho;M;;;;;79.99;;0.00;0.00;0.00;0.00;1;00892;7900228741231;SIM;N츒;;;;;;SIM;;;;
camiseta-masculina-cotton-listrado-diametro;;;Tamanho;G;;;;;79.99;;0.00;0.00;0.00;0.00;1;00892;7900228741248;;;;;;;;;;;;
camiseta-masculina-cotton-listrado-diametro;;;Tamanho;GG;;;;;79.99;;0.00;0.00;0.00;0.00;1;00892;7900228741255;;;;;;;;;;;;
calca-pantalona-feminina-woods;"CAL큐 PANTALONA FEMININA WOODS";"FEMININO > CALCA";Tamanho;p;;;;;239.99;;0.00;0.00;0.00;0.00;1;015405;7900228170932;SIM;N츒;;;;;;SIM;;;;
calca-pantalona-feminina-woods;;;Tamanho;m;;;;;239.99;;0.00;0.00;0.00;0.00;1;015405;7900228170949;;;;;;;;;;;;
calca-pantalona-feminina-woods;;;Tamanho;G;;;;;239.99;;0.00;0.00;0.00;0.00;1;015405;7900228170956;;;;;;;;;;;;
calca-pantalona-feminina-preto;"CAL큐 PANTALONA FEMININA PRETO";"FEMININO > CALCA";Tamanho;P;;;;;239.99;;0.00;0.00;0.00;0.00;1;15405;7900228171014;SIM;N츒;;;;;;SIM;;;;
calca-pantalona-feminina-preto;;;Tamanho;M;;;;;239.99;;0.00;0.00;0.00;0.00;1;15405;7900228171021;;;;;;;;;;;;
calca-pantalona-feminina-preto;;;Tamanho;G;;;;;239.99;;0.00;0.00;0.00;0.00;1;15405;7900228171038;;;;;;;;;;;;
calca-pantalona-feminina-preto;;;Tamanho;GG;;;;;239.99;;0.00;0.00;0.00;0.00;2;15405;7900228171045;;;;;;;;;;;;
blusa-feminina-basica-em-malha-visco1;"BLUSA FEMININA B쳅ICA EM MALHA VISCO";"FEMININO > BLUSA ";Tamanho;P;;;;;49.99;;0.00;0.00;0.00;0.00;1;9181755;7900228566339;SIM;N츒;;;;;;SIM;;;;
blusa-feminina-basica-em-malha-visco;"BLUSA FEMININA B쳅ICA EM MALHA VISCO";"FEMININO > BLUSA ";Tamanho;P;;;;;49.99;;0.00;0.00;0.00;0.00;1;91875;7900228488785;SIM;N츒;;;;;;SIM;;;;
blusa-feminina-manga-curta-em-molecotton-vermelho;"BLUSA FEMININA MANGA CURTA EM MOLECOTTON VERMELHO";"FEMININO > BLUSA ";Tamanho;P;;;;;79.99;;0.00;0.00;0.00;0.00;1;15512;7900228481830;SIM;N츒;;;;;;SIM;;;;
blusa-feminina-manga-curta-em-molecotton-vermelho;;;Tamanho;M;;;;;79.99;;0.00;0.00;0.00;0.00;1;15512;7900228481847;;;;;;;;;;;;
t-shirt-feminina-manga-curta;"T- SHIRT FEMININA MANGA CURTA";"FEMININO > T-SHIRT";Tamanho;P;;;;;79.99;;0.00;0.00;0.00;0.00;2;15772;7900228718868;SIM;N츒;;;;;;SIM;;;;
t-shirt-feminina-manga-curta;;;Tamanho;M;;;;;79.99;;0.00;0.00;0.00;0.00;1;15772;7900228718875;;;;;;;;;;;;
vestido-de-ribana-canelado-feminino-endless;"VESTIDO DE RIBANA CANELADO FEMININO ENDLESS";"FEMININO > VESTIDOS";Tamanho;p;;;;;99.99;;0.00;0.00;0.00;0.00;0;15254;7900228222648;SIM;N츒;;;;;;SIM;;;;
vestido-de-ribana-canelado-feminino-endless;;;Tamanho;M;;;;;99.99;;0.00;0.00;0.00;0.00;1;15254;7900228222655;;;;;;;;;;;;
vestido-de-ribana-canelado-feminino-endless;;;Tamanho;G;;;;;99.99;;0.00;0.00;0.00;0.00;1;15254;7900228222662;;;;;;;;;;;;
vestido-de-ribana-canelado-rose-violet;"VESTIDO DE RIBANA CANELADO ROSE VIOLET";"FEMININO > VESTIDOS";Tamanho;P;;;;;99.99;;0.00;0.00;0.00;0.00;1;15255;7900228348997;SIM;N츒;;;;;;SIM;;;;
vestido-de-ribana-canelado-rose-violet;;;Tamanho;M;;;;;99.99;;0.00;0.00;0.00;0.00;1;15255;7900228349000;;;;;;;;;;;;
vestido-de-ribana-canelado-rose-violet;;;Tamanho;G;;;;;99.99;;0.00;0.00;0.00;0.00;1;15255;7900228349017;;;;;;;;;;;;
blusa-cropped-em-ribana-de-viscose;"BLUSA CROPPED EM RIBANA DE VISCOSE";"FEMININO > BLUSA ";Tamanho;P;;;;;79.99;;0.00;0.00;0.00;0.00;1;6174255;7900228673969;SIM;N츒;;;;;;SIM;;;;
blusa-cropped-em-ribana-de-viscose;;;Tamanho;M;;;;;79.99;;0.00;0.00;0.00;0.00;1;6174255;7900228673976;;;;;;;;;;;;
vestido-midi-preto;"VESTIDO MIDI PRETO";"FEMININO > VESTIDOS";Tamanho;P;;;;;99.99;;0.00;0.00;0.00;0.00;1;7539;7909835223840;SIM;N츒;;;;;;SIM;;;;
vestido-midi-preto;;;Tamanho;M;;;;;99.99;;0.00;0.00;0.00;0.00;1;7539;7909835223857;;;;;;;;;;;;
vestido-midi-ribana-canelada-basico-verde;"VESTIDO MIDI RIBANA CANELADA B쳅ICO VERDE";"FEMININO > VESTIDOS";Tamanho;P;;;;;99.99;;0.00;0.00;0.00;0.00;0;1953;7900228636834;SIM;N츒;;;;;;SIM;;;;
tenis-kolosh-byte-preto;"TENIS KOLOSH BYTE PRETO";"FEMININO > CALCADOS";Tamanho;34;;;;;259.99;;0.00;0.00;0.00;0.00;1;0381;7900132646646;SIM;N츒;;;;;;SIM;;;;
tenis-kolosh-byte-preto;;;Tamanho;35;;;;;259.99;;0.00;0.00;0.00;0.00;2;0381;7900132646653;;;;;;;;;;;;
tenis-kolosh-byte-preto;;;Tamanho;36;;;;;259.99;;0.00;0.00;0.00;0.00;3;0381;7900132646660;;;;;;;;;;;;
tenis-kolosh-byte-preto;;;Tamanho;37;;;;;259.99;;0.00;0.00;0.00;0.00;3;0381;7900132646677;;;;;;;;;;;;
tenis-kolosh-byte-preto;;;Tamanho;38;;;;;259.99;;0.00;0.00;0.00;0.00;2;0381;7900132646684;;;;;;;;;;;;
tenis-kolosh-byte-preto;;;Tamanho;39;;;;;259.99;;0.00;0.00;0.00;0.00;1;0381;7900132646691;;;;;;;;;;;;
tenis-kolosh-flat-preto-chumbo;"TENIS KOLOSH FLAT PRETO / CHUMBO";"MASCULINO > TENIS MASC";Tamanho;38;;;;;259.99;;0.00;0.00;0.00;0.00;1;03562;7900132647674;SIM;N츒;;;;;;SIM;;;;
tenis-kolosh-flat-preto-chumbo;;;Tamanho;39;;;;;289.99;;0.00;0.00;0.00;0.00;2;03562;7900132647681;;;;;;;;;;;;
tenis-kolosh-flat-preto-chumbo;;;Tamanho;40;;;;;289.99;;0.00;0.00;0.00;0.00;2;03562;7900132647698;;;;;;;;;;;;
tenis-kolosh-flat-preto-chumbo;;;Tamanho;41;;;;;289.99;;0.00;0.00;0.00;0.00;3;03562;7900132647704;;;;;;;;;;;;
tenis-kolosh-flat-preto-chumbo;;;Tamanho;42;;;;;289.99;;0.00;0.00;0.00;0.00;2;03562;7900132647711;;;;;;;;;;;;
tenis-kolosh-flat-preto-chumbo;;;Tamanho;43;;;;;289.99;;0.00;0.00;0.00;0.00;1;03562;7900132647728;;;;;;;;;;;;
tenis-kolosh-flat-preto-chumbo;;;Tamanho;44;;;;;289.99;;0.00;0.00;0.00;0.00;1;03562;7900132690052;;;;;;;;;;;;
tenis-kolosh-foggia-nevoa;"TENIS KOLOSH FOGGIA NEVOA";"PRINCIPAL > TENIS FEM";Tamanho;34;;;;;269.99;;0.00;0.00;0.00;0.00;1;0481;7900282032023;SIM;N츒;;;;;;SIM;;;;
tenis-kolosh-foggia-nevoa;;;Tamanho;35;;;;;269.99;;0.00;0.00;0.00;0.00;2;0481;7900132770013;;;;;;;;;;;;
tenis-kolosh-foggia-nevoa;;;Tamanho;36;;;;;269.99;;0.00;0.00;0.00;0.00;3;0481;7900282032030;;;;;;;;;;;;
tenis-kolosh-foggia-nevoa;;;Tamanho;37;;;;;269.99;;0.00;0.00;0.00;0.00;3;0481;7900282032047;;;;;;;;;;;;
tenis-kolosh-foggia-nevoa;;;Tamanho;38;;;;;269.99;;0.00;0.00;0.00;0.00;2;0481;7900282032054;;;;;;;;;;;;
tenis-kolosh-foggia-nevoa;;;Tamanho;39;;;;;269.99;;0.00;0.00;0.00;0.00;1;0481;7900282032061;;;;;;;;;;;;
sandalia-campesi-rives-tan;"SANDALIA CAMPESI RIVES TAN";"FEMININO > SANDALIA FEM";Tamanho;34;;;;;139.99;;0.00;0.00;0.00;0.00;1;00241;7900282287508;SIM;N츒;;;;;;SIM;;;;
sandalia-campesi-rives-tan;;;Tamanho;35;;;;;139.99;;0.00;0.00;0.00;0.00;2;00241;7900282184678;;;;;;;;;;;;
sandalia-campesi-rives-tan;;;Tamanho;36;;;;;139.99;;0.00;0.00;0.00;0.00;2;00241;7900282287515;;;;;;;;;;;;
sandalia-campesi-rives-tan;;;Tamanho;37;;;;;139.99;;0.00;0.00;0.00;0.00;2;00241;7900282209616;;;;;;;;;;;;
sandalia-campesi-rives-tan;;;Tamanho;38;;;;;139.99;;0.00;0.00;0.00;0.00;1;00241;7900282287522;;;;;;;;;;;;
sandalia-campesi-rives-tan;;;Tamanho;39;;;;;139.99;;0.00;0.00;0.00;0.00;1;00241;7900282287539;;;;;;;;;;;;
sandalia-campesi-rives-mocca;"SANDALIA CAMPESI RIVES MOCCA";"FEMININO > SANDALIA FEM";Tamanho;34;;;;;169.99;;0.00;0.00;0.00;0.00;1;182;7900282285863;SIM;N츒;;;;;;SIM;;;;
sandalia-campesi-rives-mocca;;;Tamanho;35;;;;;169.99;;0.00;0.00;0.00;0.00;2;182;7900282190822;;;;;;;;;;;;
sandalia-campesi-rives-mocca;;;Tamanho;36;;;;;169.99;;0.00;0.00;0.00;0.00;2;182;7900282285870;;;;;;;;;;;;
sandalia-campesi-rives-mocca;;;Tamanho;37;;;;;169.99;;0.00;0.00;0.00;0.00;2;182;7900282285887;;;;;;;;;;;;
sandalia-campesi-rives-mocca;;;Tamanho;38;;;;;169.99;;0.00;0.00;0.00;0.00;1;182;7900282285894;;;;;;;;;;;;
sandalia-campesi-rives-mocca;;;Tamanho;39;;;;;169.99;;0.00;0.00;0.00;0.00;1;182;7900282285900;;;;;;;;;;;;
tamanco-campesi-rives-preto;"TAMANCO CAMPESI RIVES PRETO";"FEMININO > TAMANCO";Tamanho;35;;;;;139.99;;0.00;0.00;0.00;0.00;2;232;7900282191867;SIM;N츒;;;;;;SIM;;;;
tamanco-campesi-rives-preto;;;Tamanho;36;;;;;139.99;;0.00;0.00;0.00;0.00;2;232;7900282218496;;;;;;;;;;;;
tamanco-campesi-rives-preto;;;Tamanho;37;;;;;139.99;;0.00;0.00;0.00;0.00;2;232;7900282209647;;;;;;;;;;;;
tamanco-campesi-rives-preto;;;Tamanho;38;;;;;139.99;;0.00;0.00;0.00;0.00;2;232;7900282218502;;;;;;;;;;;;
tamanco-campesi-rives-preto;;;Tamanho;39;;;;;139.99;;0.00;0.00;0.00;0.00;1;232;7900282218519;;;;;;;;;;;;
sandalia-mississipi-miara-preta;"SANDALIA MISSISSIPI MIARA PRETA";"FEMININO > SANDALIA FEM";Tamanho;34;;;;;149.99;;0.00;0.00;0.00;0.00;0;862;7900282238586;SIM;N츒;;;;;;SIM;;;;
sandalia-mississipi-miara-preta;;;Tamanho;35;;;;;149.99;;0.00;0.00;0.00;0.00;1;862;7900282182278;;;;;;;;;;;;
sandalia-mississipi-miara-preta;;;Tamanho;36;;;;;149.99;;0.00;0.00;0.00;0.00;2;862;7900282238593;;;;;;;;;;;;
sandalia-mississipi-miara-preta;;;Tamanho;37;;;;;159.99;;0.00;0.00;0.00;0.00;2;862;7900282238609;;;;;;;;;;;;
sandalia-mississipi-miara-preta;;;Tamanho;38;;;;;159.99;;0.00;0.00;0.00;0.00;1;862;7900282238616;;;;;;;;;;;;
sandalia-mississipi-miara-preta;;;Tamanho;39;;;;;159.99;;0.00;0.00;0.00;0.00;1;862;7900282238623;;;;;;;;;;;;
sandalia-mississipi-rives-preto;"SANDALIA MISSISSIPI RIVES PRETO";"FEMININO > SANDALIA FEM";Tamanho;34;;;;;150.00;;0.00;0.00;0.00;0.00;1;0452;7900282231532;SIM;N츒;;;;;;SIM;;;;
sandalia-mississipi-rives-preto;;;Tamanho;35;;;;;149.99;;0.00;0.00;0.00;0.00;2;0452;7900282231549;;;;;;;;;;;;
sandalia-mississipi-rives-preto;;;Tamanho;36;;;;;149.99;;0.00;0.00;0.00;0.00;2;0452;7900282231556;;;;;;;;;;;;
sandalia-mississipi-rives-preto;;;Tamanho;37;;;;;149.99;;0.00;0.00;0.00;0.00;2;0452;7900282231563;;;;;;;;;;;;
sandalia-mississipi-rives-preto;;;Tamanho;38;;;;;149.99;;0.00;0.00;0.00;0.00;1;0452;7900282231570;;;;;;;;;;;;
sandalia-mississipi-rives-preto;;;Tamanho;39;;;;;149.99;;0.00;0.00;0.00;0.00;1;0452;7900282231587;;;;;;;;;;;;
tamanco-mississipi-wolford-preto;"TAMANCO MISSISSIPI WOLFORD PRETO";"FEMININO > TAMANCO";Tamanho;34;;;;;149.99;;0.00;0.00;0.00;0.00;1;00191;7900282149769;SIM;N츒;;;;;;SIM;;;;
tamanco-mississipi-wolford-preto;;;Tamanho;35;;;;;149.99;;0.00;0.00;0.00;0.00;3;00191;7900282149776;;;;;;;;;;;;
tamanco-mississipi-wolford-preto;;;Tamanho;36;;;;;149.99;;0.00;0.00;0.00;0.00;3;00191;7900282149783;;;;;;;;;;;;
tamanco-mississipi-wolford-preto;;;Tamanho;37;;;;;149.99;;0.00;0.00;0.00;0.00;2;00191;7900282149790;;;;;;;;;;;;
tamanco-mississipi-wolford-preto;;;Tamanho;38;;;;;149.99;;0.00;0.00;0.00;0.00;1;00191;7900282149806;;;;;;;;;;;;
tamanco-mississipi-wolford-preto;;;Tamanho;39;;;;;149.99;;0.00;0.00;0.00;0.00;1;00191;7900282149813;;;;;;;;;;;;
sandalia-mississipi-foggia-amendoa;"SANDALIA MISSISSIPI FOGGIA AMENDOA";"FEMININO > SANDALIA FEM";Tamanho;34;;;;;149.99;;0.00;0.00;0.00;0.00;1;193;7900282459011;SIM;N츒;;;;;;SIM;;;;
sandalia-mississipi-foggia-amendoa;;;Tamanho;35;;;;;149.99;;0.00;0.00;0.00;0.00;2;193;7900282307886;;;;;;;;;;;;
sandalia-mississipi-foggia-amendoa;;;Tamanho;36;;;;;149.99;;0.00;0.00;0.00;0.00;1;193;7900282459028;;;;;;;;;;;;
sandalia-mississipi-foggia-amendoa;;;Tamanho;37;;;;;149.99;;0.00;0.00;0.00;0.00;1;193;7900282459035;;;;;;;;;;;;
sandalia-mississipi-foggia-amendoa;;;Tamanho;38;;;;;149.99;;0.00;0.00;0.00;0.00;1;193;7900282459042;;;;;;;;;;;;
sandalia-mississipi-foggia-amendoa;;;Tamanho;39;;;;;149.99;;0.00;0.00;0.00;0.00;1;193;7900282461632;;;;;;;;;;;;
tamanco-mississipi-foggia-tabaco;"TAMANCO MISSISSIPI FOGGIA TABACO";"FEMININO > TAMANCO";Tamanho;34;;;;;149.99;;0.00;0.00;0.00;0.00;1;911;7900282232959;SIM;N츒;;;;;;SIM;;;;
tamanco-mississipi-foggia-tabaco;;;Tamanho;35;;;;;149.99;;0.00;0.00;0.00;0.00;2;911;7900282192130;;;;;;;;;;;;
tamanco-mississipi-foggia-tabaco;;;Tamanho;36;;;;;149.99;;0.00;0.00;0.00;0.00;1;911;7900282232966;;;;;;;;;;;;
tamanco-mississipi-foggia-tabaco;;;Tamanho;37;;;;;149.99;;0.00;0.00;0.00;0.00;2;911;7900282232973;;;;;;;;;;;;
tamanco-mississipi-foggia-tabaco;;;Tamanho;38;;;;;149.99;;0.00;0.00;0.00;0.00;1;911;7900282232980;;;;;;;;;;;;
tamanco-mississipi-foggia-tabaco;;;Tamanho;39;;;;;149.99;;0.00;0.00;0.00;0.00;1;911;7900282233185;;;;;;;;;;;;
tamanco-mississipi-rives-preto;"TAMANCO MISSISSIPI RIVES PRETO";"FEMININO > TAMANCO";Tamanho;34;;;;;129.99;;0.00;0.00;0.00;0.00;1;04510;7900282231310;SIM;N츒;;;;;;SIM;;;;
tamanco-mississipi-rives-preto;;;Tamanho;35;;;;;129.99;;0.00;0.00;0.00;0.00;2;04510;7900282231327;;;;;;;;;;;;
tamanco-mississipi-rives-preto;;;Tamanho;36;;;;;129.99;;0.00;0.00;0.00;0.00;1;04510;7900282231334;;;;;;;;;;;;
tamanco-mississipi-rives-preto;;;Tamanho;37;;;;;129.99;;0.00;0.00;0.00;0.00;2;04510;7900282231341;;;;;;;;;;;;
tamanco-mississipi-rives-preto;;;Tamanho;38;;;;;129.99;;0.00;0.00;0.00;0.00;1;04510;7900282231358;;;;;;;;;;;;
tamanco-mississipi-rives-preto;;;Tamanho;39;;;;;129.99;;0.00;0.00;0.00;0.00;1;04510;7900282341484;;;;;;;;;;;;
tamanco-mississipi-rives-mocca;"TAMANCO MISSISSIPI RIVES MOCCA";"FEMININO > TAMANCO";Tamanho;34;;;;;129.99;;0.00;0.00;0.00;0.00;1;0451;7900282231020;SIM;N츒;;;;;;SIM;;;;
tamanco-mississipi-rives-mocca;;;Tamanho;35;;;;;129.99;;0.00;0.00;0.00;0.00;2;0451;7900282231037;;;;;;;;;;;;
tamanco-mississipi-rives-mocca;;;Tamanho;36;;;;;129.99;;0.00;0.00;0.00;0.00;2;0451;7900282231044;;;;;;;;;;;;
tamanco-mississipi-rives-mocca;;;Tamanho;37;;;;;129.99;;0.00;0.00;0.00;0.00;2;0451;7900282231051;;;;;;;;;;;;
tamanco-mississipi-rives-mocca;;;Tamanho;38;;;;;129.99;;0.00;0.00;0.00;0.00;1;0451;7900282231068;;;;;;;;;;;;
tamanco-mississipi-rives-mocca;;;Tamanho;39;;;;;129.99;;0.00;0.00;0.00;0.00;1;0451;7900282231075;;;;;;;;;;;;
sandalia-mississipi-mable-marfim;"SANDALIA MISSISSIPI MABLE MARFIM";"FEMININO > SANDALIA FEM";Tamanho;34;;;;;149.99;;0.00;0.00;0.00;0.00;1;0992;7900282232737;SIM;N츒;;;;;;SIM;;;;
sandalia-mississipi-mable-marfim;;;Tamanho;35;;;;;149.99;;0.00;0.00;0.00;0.00;2;0992;7900282183466;;;;;;;;;;;;
sandalia-mississipi-mable-marfim;;;Tamanho;36;;;;;149.99;;0.00;0.00;0.00;0.00;2;0992;7900282232744;;;;;;;;;;;;
sandalia-mississipi-mable-marfim;;;Tamanho;37;;;;;149.99;;0.00;0.00;0.00;0.00;1;0992;7900282232751;;;;;;;;;;;;
sandalia-mississipi-mable-marfim;;;Tamanho;38;;;;;149.99;;0.00;0.00;0.00;0.00;1;0992;7900282232768;;;;;;;;;;;;
sandalia-mississipi-mable-marfim;;;Tamanho;39;;;;;149.99;;0.00;0.00;0.00;0.00;1;0992;7900282232775;;;;;;;;;;;;
tenis-mississipi-foggia-preto;"TENIS MISSISSIPI FOGGIA PRETO";"FEMININO > CALCADOS";Tamanho;34;;;;;199.99;;0.00;0.00;0.00;0.00;0;0603;7900282230900;SIM;N츒;;;;;;SIM;;;;
tenis-mississipi-foggia-preto;;;Tamanho;35;;;;;199.99;;0.00;0.00;0.00;0.00;2;0603;7900282190198;;;;;;;;;;;;
tenis-mississipi-foggia-preto;;;Tamanho;36;;;;;199.99;;0.00;0.00;0.00;0.00;2;0603;7900282230917;;;;;;;;;;;;
tenis-mississipi-foggia-preto;;;Tamanho;37;;;;;199.99;;0.00;0.00;0.00;0.00;2;0603;7900282230924;;;;;;;;;;;;
tenis-mississipi-foggia-preto;;;Tamanho;38;;;;;199.99;;0.00;0.00;0.00;0.00;1;0603;7900282230931;;;;;;;;;;;;
tenis-mississipi-foggia-preto;;;Tamanho;39;;;;;199.99;;0.00;0.00;0.00;0.00;1;0603;7900282230948;;;;;;;;;;;;
tenis-mississipi-foggia-cotton;"TENIS MISSISSIPI FOGGIA COTTON";"FEMININO > CALCADOS";Tamanho;34;;;;;219.99;;0.00;0.00;0.00;0.00;1;602;7900282230894;SIM;N츒;;;;;;SIM;;;;
tenis-mississipi-foggia-cotton;;;Tamanho;35;;;;;219.99;;0.00;0.00;0.00;0.00;2;602;7900282186337;;;;;;;;;;;;
tenis-mississipi-foggia-cotton;;;Tamanho;36;;;;;219.99;;0.00;0.00;0.00;0.00;2;602;7900282230849;;;;;;;;;;;;
tenis-mississipi-foggia-cotton;;;Tamanho;37;;;;;219.99;;0.00;0.00;0.00;0.00;2;602;7900282230856;;;;;;;;;;;;
tenis-mississipi-foggia-cotton;;;Tamanho;38;;;;;219.99;;0.00;0.00;0.00;0.00;0;602;7900282230863;;;;;;;;;;;;
tenis-mississipi-foggia-cotton;;;Tamanho;39;;;;;219.99;;0.00;0.00;0.00;0.00;1;602;7900282230870;;;;;;;;;;;;
sandalia-mississipi-mabli-marfim;"SANDALIA MISSISSIPI MABLI MARFIM";"FEMININO > SANDALIA FEM";Tamanho;34;;;;;129.99;;0.00;0.00;0.00;0.00;1;0221;7900282460215;SIM;N츒;;;;;;SIM;;;;
sandalia-mississipi-mabli-marfim;;;Tamanho;35;;;;;129.99;;0.00;0.00;0.00;0.00;2;0221;7900282307718;;;;;;;;;;;;
sandalia-mississipi-mabli-marfim;;;Tamanho;36;;;;;129.99;;0.00;0.00;0.00;0.00;3;0221;7900282460222;;;;;;;;;;;;
sandalia-mississipi-mabli-marfim;;;Tamanho;37;;;;;129.99;;0.00;0.00;0.00;0.00;3;0221;7900282460239;;;;;;;;;;;;
sandalia-mississipi-mabli-marfim;;;Tamanho;38;;;;;129.99;;0.00;0.00;0.00;0.00;2;0221;7900282460246;;;;;;;;;;;;
sandalia-mississipi-mabli-marfim;;;Tamanho;39;;;;;129.99;;0.00;0.00;0.00;0.00;1;0221;7900282460253;;;;;;;;;;;;
sapato-mississipi-mable-preto;"SAPATO MISSISSIPI MABLE PRETO";"FEMININO > SAPATO FEM";Tamanho;34;;;;;169.99;;0.00;0.00;0.00;0.00;0;8551;7909842912379;SIM;N츒;;;;;;SIM;;;;
sapato-mississipi-mable-preto;;;Tamanho;35;;;;;169.99;;0.00;0.00;0.00;0.00;2;8551;7909842912386;;;;;;;;;;;;
sapato-mississipi-mable-preto;;;Tamanho;36;;;;;169.99;;0.00;0.00;0.00;0.00;3;8551;7909842912393;;;;;;;;;;;;
sapato-mississipi-mable-preto;;;Tamanho;37;;;;;169.99;;0.00;0.00;0.00;0.00;1;8551;7909842912409;;;;;;;;;;;;
sapato-mississipi-mable-preto;;;Tamanho;38;;;;;169.99;;0.00;0.00;0.00;0.00;1;8551;7909842912416;;;;;;;;;;;;
sapato-mississipi-mable-preto;;;Tamanho;39;;;;;169.99;;0.00;0.00;0.00;0.00;1;8551;7909842912423;;;;;;;;;;;;
sandalia-mississipi-miara-camel;"SANDALIA MISSISSIPI MIARA CAMEL";"FEMININO > SANDALIA FEM";Tamanho;34;;;;;139.99;;0.00;0.00;0.00;0.00;1;09410;7900282259895;SIM;N츒;;;;;;SIM;;;;
sandalia-mississipi-miara-camel;;;Tamanho;35;;;;;139.99;;0.00;0.00;0.00;0.00;2;09410;7900282186139;;;;;;;;;;;;
sandalia-mississipi-miara-camel;;;Tamanho;36;;;;;139.99;;0.00;0.00;0.00;0.00;1;09410;7900282259901;;;;;;;;;;;;
sandalia-mississipi-miara-camel;;;Tamanho;37;;;;;139.99;;0.00;0.00;0.00;0.00;2;09410;7900282259918;;;;;;;;;;;;
sandalia-mississipi-miara-camel;;;Tamanho;38;;;;;139.99;;0.00;0.00;0.00;0.00;1;09410;7900282259925;;;;;;;;;;;;
sandalia-mississipi-miara-camel;;;Tamanho;39;;;;;139.99;;0.00;0.00;0.00;0.00;1;09410;7900282259932;;;;;;;;;;;;
tamanco-mississipi-sablee-rosa;"TAMANCO MISSISSIPI SABLEE ROSA";"FEMININO > TAMANCO";Tamanho;34;;;;;99.99;;0.00;0.00;0.00;0.00;1;3130;7900282491387;SIM;N츒;;;;;;SIM;;;;
tamanco-mississipi-sablee-rosa;;;Tamanho;35;;;;;99.99;;0.00;0.00;0.00;0.00;2;3130;7900282295923;;;;;;;;;;;;
tamanco-mississipi-sablee-rosa;;;Tamanho;36;;;;;99.99;;0.00;0.00;0.00;0.00;3;3130;7900282491417;;;;;;;;;;;;
tamanco-mississipi-sablee-rosa;;;Tamanho;37;;;;;99.99;;0.00;0.00;0.00;0.00;3;3130;7900282491448;;;;;;;;;;;;
tamanco-mississipi-sablee-rosa;;;Tamanho;38;;;;;99.99;;0.00;0.00;0.00;0.00;2;3130;7900282491479;;;;;;;;;;;;
tamanco-mississipi-sablee-rosa;;;Tamanho;39;;;;;99.99;;0.00;0.00;0.00;0.00;1;3130;7900282491509;;;;;;;;;;;;
sandalia-mississipi-enfeite-natural1;"SANDALIA MISSISSIPI ENFEITE NATURAL";"FEMININO > SANDALIA FEM";Tamanho;34;;;;;139.99;;0.00;0.00;0.00;0.00;1;353;7900132801014;SIM;N츒;;;;;;SIM;;;;
sandalia-mississipi-enfeite-natural1;;;Tamanho;35;;;;;159.99;;0.00;0.00;0.00;0.00;2;353;7900132768218;;;;;;;;;;;;
sandalia-mississipi-enfeite-natural1;;;Tamanho;36;;;;;159.99;;0.00;0.00;0.00;0.00;1;353;7900132800826;;;;;;;;;;;;
sandalia-mississipi-enfeite-natural1;;;Tamanho;37;;;;;159.99;;0.00;0.00;0.00;0.00;1;353;7900132800833;;;;;;;;;;;;
sandalia-mississipi-enfeite-natural1;;;Tamanho;38;;;;;159.99;;0.00;0.00;0.00;0.00;1;353;7900132800840;;;;;;;;;;;;
sandalia-mississipi-enfeite-natural1;;;Tamanho;39;;;;;159.99;;0.00;0.00;0.00;0.00;1;353;7900132800857;;;;;;;;;;;;
sandalia-mississipi-enfeite-bronze;"SANDALIA MISSISSIPI ENFEITE BRONZE";"FEMININO > SANDALIA FEM";Tamanho;34;;;;;159.99;;0.00;0.00;0.00;0.00;1;773;7900282239644;SIM;N츒;;;;;;SIM;;;;
sandalia-mississipi-enfeite-bronze;;;Tamanho;35;;;;;159.99;;0.00;0.00;0.00;0.00;3;773;7900282183527;;;;;;;;;;;;
sandalia-mississipi-enfeite-bronze;;;Tamanho;36;;;;;159.99;;0.00;0.00;0.00;0.00;3;773;7900282239651;;;;;;;;;;;;
sandalia-mississipi-enfeite-bronze;;;Tamanho;37;;;;;159.99;;0.00;0.00;0.00;0.00;3;773;7900282239668;;;;;;;;;;;;
sandalia-mississipi-enfeite-bronze;;;Tamanho;38;;;;;159.99;;0.00;0.00;0.00;0.00;1;773;7900282239675;;;;;;;;;;;;
sandalia-mississipi-enfeite-bronze;;;Tamanho;39;;;;;159.99;;0.00;0.00;0.00;0.00;1;773;7900282239682;;;;;;;;;;;;
sandalia-pink-cats-rosa;"SANDALIA PINK CATS ROSA";"INFANTIL PARA MENINAS > SANDALIA INF";Tamanho;26;;;;;129.99;;0.00;0.00;0.00;0.00;2;5701;7900282306063;SIM;N츒;;;;;;SIM;;;;
sandalia-pink-cats-rosa;;;Tamanho;27;;;;;129.99;;0.00;0.00;0.00;0.00;1;5701;7900282306070;;;;;;;;;;;;
sandalia-pink-cats-rosa;;;Tamanho;28;;;;;129.99;;0.00;0.00;0.00;0.00;1;5701;7900282306087;;;;;;;;;;;;
sandalia-pink-cats-rosa;;;Tamanho;29;;;;;129.99;;0.00;0.00;0.00;0.00;1;5701;7900282306094;;;;;;;;;;;;
sandalia-pink-cats-rosa;;;Tamanho;30;;;;;129.99;;0.00;0.00;0.00;0.00;0;5701;7900282183008;;;;;;;;;;;;
sandalia-pink-cats-rosa;;;Tamanho;31;;;;;129.99;;0.00;0.00;0.00;0.00;1;5701;7900282306100;;;;;;;;;;;;
sandalia-pink-cats-rosa;;;Tamanho;32;;;;;129.99;;0.00;0.00;0.00;0.00;0;5701;7900282306117;;;;;;;;;;;;
sandalia-pink-cats-rosa;;;Tamanho;33;;;;;129.99;;0.00;0.00;0.00;0.00;1;5701;7900282306124;;;;;;;;;;;;
sandalia-pink-cats-rives-blush;"SANDALIA PINK CATS RIVES BLUSH";"INFANTIL PARA MENINAS > SANDALIA INF";Tamanho;26;;;;;129.99;;0.00;0.00;0.00;0.00;2;5862;7900282334158;SIM;N츒;;;;;;SIM;;;;
sandalia-pink-cats-rives-blush;;;Tamanho;27;;;;;129.99;;0.00;0.00;0.00;0.00;1;5862;7900282334165;;;;;;;;;;;;
sandalia-pink-cats-rives-blush;;;Tamanho;28;;;;;129.99;;0.00;0.00;0.00;0.00;1;5862;7900282334172;;;;;;;;;;;;
sandalia-pink-cats-rives-blush;;;Tamanho;29;;;;;129.99;;0.00;0.00;0.00;0.00;1;5862;7900282334189;;;;;;;;;;;;
sandalia-pink-cats-rives-blush;;;Tamanho;30;;;;;129.99;;0.00;0.00;0.00;0.00;1;5862;7900282334196;;;;;;;;;;;;
sandalia-pink-cats-rives-blush;;;Tamanho;31;;;;;129.99;;0.00;0.00;0.00;0.00;1;5862;7900282334202;;;;;;;;;;;;
sandalia-pink-cats-rives-blush;;;Tamanho;32;;;;;129.99;;0.00;0.00;0.00;0.00;1;5862;7900282334219;;;;;;;;;;;;
sandalia-pink-cats-rives-blush;;;Tamanho;33;;;;;129.99;;0.00;0.00;0.00;0.00;1;5862;7900282334226;;;;;;;;;;;;
sandalia-pink-cats-rives-preta;"SANDALIA PINK CATS RIVES PRETA";"INFANTIL PARA MENINAS > SANDALIA INF";Tamanho;26;;;;;129.99;;0.00;0.00;0.00;0.00;2;57420;7900282333526;SIM;N츒;;;;;;SIM;;;;
sandalia-pink-cats-rives-preta;;;Tamanho;27;;;;;129.99;;0.00;0.00;0.00;0.00;1;57420;7900282333533;;;;;;;;;;;;
sandalia-pink-cats-rives-preta;;;Tamanho;28;;;;;129.99;;0.00;0.00;0.00;0.00;1;57420;7900282333540;;;;;;;;;;;;
sandalia-pink-cats-rives-preta;;;Tamanho;29;;;;;129.99;;0.00;0.00;0.00;0.00;1;57420;7900282333557;;;;;;;;;;;;
sandalia-pink-cats-rives-preta;;;Tamanho;30;;;;;129.99;;0.00;0.00;0.00;0.00;1;57420;7900282333564;;;;;;;;;;;;
sandalia-pink-cats-rives-preta;;;Tamanho;31;;;;;129.99;;0.00;0.00;0.00;0.00;1;57420;7900282333571;;;;;;;;;;;;
sandalia-pink-cats-rives-preta;;;Tamanho;32;;;;;129.99;;0.00;0.00;0.00;0.00;1;57420;7900282333588;;;;;;;;;;;;
sandalia-pink-cats-rives-preta;;;Tamanho;33;;;;;129.99;;0.00;0.00;0.00;0.00;1;57420;7900282333595;;;;;;;;;;;;
tenis-pink-cats-vercelli-preto;"TENIS PINK CATS VERCELLI PRETO";"INFANTIL PARA MENINAS > TENIS";Tamanho;26;;;;;169.99;;0.00;0.00;0.00;0.00;1;5792;7900282400501;SIM;N츒;;;;;;SIM;;;;
tenis-pink-cats-vercelli-preto;;;Tamanho;27;;;;;169.90;;0.00;0.00;0.00;0.00;1;5792;7900282400518;;;;;;;;;;;;
tenis-pink-cats-vercelli-preto;;;Tamanho;28;;;;;169.99;;0.00;0.00;0.00;0.00;1;5792;7900282400525;;;;;;;;;;;;
tenis-pink-cats-vercelli-preto;;;Tamanho;29;;;;;169.99;;0.00;0.00;0.00;0.00;1;5792;7900282400532;;;;;;;;;;;;
tenis-pink-cats-vercelli-preto;;;Tamanho;30;;;;;169.99;;0.00;0.00;0.00;0.00;1;5792;7900282400549;;;;;;;;;;;;
tenis-pink-cats-vercelli-preto;;;Tamanho;31;;;;;169.99;;0.00;0.00;0.00;0.00;1;5792;7900282400556;;;;;;;;;;;;
tenis-pink-cats-vercelli-preto;;;Tamanho;32;;;;;169.99;;0.00;0.00;0.00;0.00;1;5792;7900282400563;;;;;;;;;;;;
tenis-pink-cats-vercelli-preto;;;Tamanho;33;;;;;169.99;;0.00;0.00;0.00;0.00;1;5792;7900282400570;;;;;;;;;;;;
tenis-pink-cats-vercelli-preto;;;Tamanho;34;;;;;169.99;;0.00;0.00;0.00;0.00;1;5792;7900282400587;;;;;;;;;;;;
tenis-pink-cats-vercelli-new-white1;"TENIS PINK CATS VERCELLI NEW WHITE";"INFANTIL PARA MENINAS > TENIS";Tamanho;26;;;;;189.99;;0.00;0.00;0.00;0.00;1;5511;7900282135892;SIM;N츒;;;;;;SIM;;;;
tenis-pink-cats-vercelli-new-white1;;;Tamanho;27;;;;;189.99;;0.00;0.00;0.00;0.00;1;5511;7900282135922;;;;;;;;;;;;
tenis-pink-cats-vercelli-new-white1;;;Tamanho;28;;;;;189.99;;0.00;0.00;0.00;0.00;1;5511;7900282135953;;;;;;;;;;;;
tenis-pink-cats-vercelli-new-white1;;;Tamanho;29;;;;;189.99;;0.00;0.00;0.00;0.00;1;5511;7900282135984;;;;;;;;;;;;
tenis-pink-cats-vercelli-new-white1;;;Tamanho;30;;;;;189.99;;0.00;0.00;0.00;0.00;1;5511;7900282030692;;;;;;;;;;;;
tenis-pink-cats-vercelli-new-white1;;;Tamanho;31;;;;;189.99;;0.00;0.00;0.00;0.00;1;5511;7900282123875;;;;;;;;;;;;
tenis-pink-cats-vercelli-new-white1;;;Tamanho;32;;;;;189.99;;0.00;0.00;0.00;0.00;1;5511;7900282123882;;;;;;;;;;;;
tenis-pink-cats-vercelli-new-white1;;;Tamanho;33;;;;;189.99;;0.00;0.00;0.00;0.00;1;5511;7900282123899;;;;;;;;;;;;
tenis-pink-cats-vercelli-new-white1;;;Tamanho;34;;;;;189.99;;0.00;0.00;0.00;0.00;1;5511;7900282123905;;;;;;;;;;;;
tenis-casual-pink-cats-bege-feminino;"TENIS CASUAL PINK CATS BEGE FEMININO";"FEMININO, INFANTIL PARA MENINAS > TENIS";Tamanho;28;;;;;189.99;;0.00;0.00;0.00;0.00;1;5642;7900282179827;SIM;N츒;;;;;;SIM;;;;
tenis-casual-pink-cats-bege-feminino;;;Tamanho;29;;;;;189.99;;0.00;0.00;0.00;0.00;2;5642;7900282179865;;;;;;;;;;;;
tenis-casual-pink-cats-bege-feminino;;;Tamanho;30;;;;;189.99;;0.00;0.00;0.00;0.00;2;5642;7900282095622;;;;;;;;;;;;
tenis-casual-pink-cats-bege-feminino;;;Tamanho;31;;;;;189.99;;0.00;0.00;0.00;0.00;1;5642;7900282179902;;;;;;;;;;;;
tenis-casual-pink-cats-bege-feminino;;;Tamanho;32;;;;;189.99;;0.00;0.00;0.00;0.00;1;5642;7900282179940;;;;;;;;;;;;
tenis-casual-pink-cats-bege-feminino;;;Tamanho;33;;;;;189.99;;0.00;0.00;0.00;0.00;1;5642;7900282179988;;;;;;;;;;;;
tenis-casual-pink-cats-bege-feminino;;;Tamanho;34;;;;;189.99;;0.00;0.00;0.00;0.00;1;5642;7900282180014;;;;;;;;;;;;
conjunto-de-camisa-em-viscose-sarjada-e-molecotton-com-calca-legging-em-couro1;"CONJUNTO DE CAMISA EM VISCOSE SARJADA E MOLECOTTON COM CAL큐 LEGGING EM COURO";"INFANTIL PARA MENINAS > CONJUNTOS";;;;;;;199.90;;0.00;0.00;0.00;0.00;1;80349;80349;SIM;N츒;;;;;;SIM;;;;
conjunto-trio-colete-em-pelo-body-e-calca-termica;"CONJUNTO TRIO COLETE EM PELO BODY E CAL큐 TRMICA";"INFANTIL PARA MENINAS > CONJUNTOS";Tamanho;GG;;;;;179.90;;0.00;0.00;0.00;0.00;1;80307;7899824838066;SIM;N츒;;;;;;SIM;;;;
conjunto-trio-colete-em-pelo-body-e-calca-termica;;;Tamanho;01;;;;;199.90;;0.00;0.00;0.00;0.00;1;80307;7899824838059;;;;;;;;;;;;
conjunto-trio-colete-em-pelo-body-e-calca-termica;;;Tamanho;02;;;;;199.90;;0.00;0.00;0.00;0.00;1;80307;7899824838097;;;;;;;;;;;;
conjunto-trio-colete-em-pelo-body-e-calca-termica;;;Tamanho;03;;;;;199.90;;0.00;0.00;0.00;0.00;1;80307;7899824838073;;;;;;;;;;;;
conjunto-de-blusao-preto-e-calca-legging-molecotton;"CONJUNTO DE BLUS츒 PRETO E CAL큐 LEGGING MOLECOTTON";"INFANTIL PARA MENINAS > CONJUNTOS";Tamanho;04;;;;;199.90;;0.00;0.00;0.00;0.00;1;79653;7899824806560;SIM;N츒;;;;;;SIM;;;;
conjunto-de-blusao-preto-e-calca-legging-molecotton;;;Tamanho;08;;;;;239.99;;0.00;0.00;0.00;0.00;1;79653;7899824806546;;;;;;;;;;;;
conjunto-de-blusao-preto-e-calca-legging-molecotton;;;Tamanho;14;;;;;239.99;;0.00;0.00;0.00;0.00;1;79653;7899824806584;;;;;;;;;;;;
calca-legging-em-termoskin-peluciado2;"CAL큐 LEGGING EM TERMOSKIN PELUCIADO";"INFANTIL PARA MENINAS > CAL큐 LEGGING";Tamanho;"02 PRETO";;;;;79.99;;0.00;0.00;0.00;0.00;1;79132;7899661376820;SIM;N츒;;;;;;SIM;;;;
calca-legging-em-termoskin-peluciado2;;;Tamanho;"03  NUDE";;;;;79.99;;0.00;0.00;0.00;0.00;1;79132;7899661376677;;;;;;;;;;;;
calca-legging-em-termoskin-peluciado2;;;Tamanho;"04 PRETO";;;;;79.99;;0.00;0.00;0.00;0.00;1;79132;7899661376844;;;;;;;;;;;;
calca-legging-em-termoskin-peluciado2;;;Tamanho;"04 NUDE";;;;;79.99;;0.00;0.00;0.00;0.00;1;79132;7899661376660;;;;;;;;;;;;
calca-legging-em-termoskin-peluciado2;;;Tamanho;"06  PRETO";;;;;79.99;;0.00;0.00;0.00;0.00;1;79132;7899661376882;;;;;;;;;;;;
calca-legging-em-termoskin-peluciado2;;;Tamanho;"06 NUDE";;;;;79.99;;0.00;0.00;0.00;0.00;1;79132;7899661376691;;;;;;;;;;;;
calca-legging-em-termoskin-peluciado2;;;Tamanho;"08 PRETO";;;;;89.99;;0.00;0.00;0.00;0.00;1;79132;7899661376875;;;;;;;;;;;;
calca-legging-em-termoskin-peluciado2;;;Tamanho;"08 NUDE";;;;;89.99;;0.00;0.00;0.00;0.00;1;79132;7899661376707;;;;;;;;;;;;
calca-legging-em-termoskin-peluciado2;;;Tamanho;"10 NUDE";;;;;89.90;;0.00;0.00;0.00;0.00;1;79132;7899661376714;;;;;;;;;;;;
calca-legging-em-termoskin-peluciado2;;;Tamanho;"12 PRETO";;;;;89.99;;0.00;0.00;0.00;0.00;1;79132;7899661376851;;;;;;;;;;;;
calca-legging-em-termoskin-peluciado2;;;Tamanho;"14 PRETO";;;;;89.99;;0.00;0.00;0.00;0.00;1;79132;7899661376899;;;;;;;;;;;;
calca-legging-em-termoskin-peluciado2;;;Tamanho;"03 PRETO";;;;;79.99;;0.00;0.00;0.00;0.00;1;79132;7899661376837;;;;;;;;;;;;
calca-legging;"CAL큐 LEGGING";"INFANTIL PARA MENINAS > CAL큐 LEGGING";Tamanho;"01 NUDE";;;;;69.90;;0.00;0.00;0.00;0.00;1;79826;7899824823109;SIM;N츒;;;;;;SIM;;;;
calca-legging;;;Tamanho;"02 BEGE CLARO";;;;;69.90;;0.00;0.00;0.00;0.00;1;79826;7899824823055;;;;;;;;;;;;
calca-legging;;;Tamanho;"03 BEGE CLARO";;;;;69.90;;0.00;0.00;0.00;0.00;1;79826;7899824823062;;;;;;;;;;;;
calca-legging;;;Tamanho;"03 NUDE";;;;;69.90;;0.00;0.00;0.00;0.00;1;79826;7899824823147;;;;;;;;;;;;
calca-em-malha-denim;"CAL큐 EM MALHA DENIM";"INFANTIL PARA MENINAS > CALCAS";Tamanho;GG;;;;;79.99;;0.00;0.00;0.00;0.00;1;79831;7899824817139;SIM;N츒;;;;;;SIM;;;;
calca-em-malha-denim;;;Tamanho;02;;;;;99.99;;0.00;0.00;0.00;0.00;1;79831;7899824817160;;;;;;;;;;;;
calca-em-malha-denim;;;Tamanho;03;;;;;99.99;;0.00;0.00;0.00;0.00;1;79831;7899824817146;;;;;;;;;;;;
calca-legging-em-termoskin-peluciado;"CAL큐 LEGGING EM TERMOSKIN PELUCIADO";"INFANTIL PARA MENINAS > CAL큐 LEGGING";Tamanho;02;;;;;79.99;;0.00;0.00;0.00;0.00;1;79237;7899661371146;SIM;N츒;;;;;;SIM;;;;
calca-legging-em-termoskin-peluciado;;;Tamanho;03;;;;;79.90;;0.00;0.00;0.00;0.00;1;79237;7899661371139;;;;;;;;;;;;
calca-legging-em-termoskin-peluciado;;;Tamanho;04;;;;;79.90;;0.00;0.00;0.00;0.00;1;79237;7899661371122;;;;;;;;;;;;
calca-legging-em-termoskin-peluciado;;;Tamanho;06;;;;;89.99;;0.00;0.00;0.00;0.00;1;79237;7899661371115;;;;;;;;;;;;
calca-legging-em-termoskin-peluciado;;;Tamanho;08;;;;;89.90;;0.00;0.00;0.00;0.00;1;79237;7899661371108;;;;;;;;;;;;
calca-legging-em-termoskin-peluciado;;;Tamanho;10;;;;;89.90;;0.00;0.00;0.00;0.00;1;79237;7899661371092;;;;;;;;;;;;
vestido-ursinho-termica-peuciado;"VESTIDO URSINHO TRMICA PEUCIADO";"INFANTIL PARA MENINAS > VESTIDOS";Tamanho;03;;;;;129.90;;0.00;0.00;0.00;0.00;1;79229;7899661372686;SIM;N츒;;;;;;SIM;;;;
jaqueta-em-jeans-com-elastano;"JAQUETA EM JEANS COM ELASTANO";"INFANTIL PARA MENINAS > JAQUETAS";Tamanho;02;;;;;219.90;;0.00;0.00;0.00;0.00;1;79639;7899824822942;SIM;N츒;;;;;;SIM;;;;
jaqueta-em-jeans-com-elastano;;;Tamanho;03;;;;;219.90;;0.00;0.00;0.00;0.00;1;79639;7899824822935;;;;;;;;;;;;
jaqueta-em-jeans-com-elastano;;;Tamanho;04;;;;;219.90;;0.00;0.00;0.00;0.00;1;79639;7899824822881;;;;;;;;;;;;
jaqueta-em-jeans-com-elastano;;;Tamanho;06;;;;;219.90;;0.00;0.00;0.00;0.00;1;79639;7899824822874;;;;;;;;;;;;
jaqueta-em-jeans-com-elastano;;;Tamanho;08;;;;;229.90;;0.00;0.00;0.00;0.00;1;79639;7899824822928;;;;;;;;;;;;
jaqueta-em-jeans-com-elastano;;;Tamanho;10;;;;;229.90;;0.00;0.00;0.00;0.00;1;79639;7899824822898;;;;;;;;;;;;
blusa-m-canelado-liz;"BLUSA M CANELADO LIZ";"INFANTIL PARA MENINAS > BLUSA MANGA LONGA";Tamanho;04;;;;;89.99;;0.00;0.00;0.00;0.00;1;806600;7899824858552;SIM;N츒;;;;;;SIM;;;;
blusa-m-canelado-liz;;;Tamanho;06;;;;;89.99;;0.00;0.00;0.00;0.00;1;806600;7899824858590;;;;;;;;;;;;
blusa-m-canelado-liz;;;Tamanho;08;;;;;99.90;;0.00;0.00;0.00;0.00;1;806600;7899824858583;;;;;;;;;;;;
blusa-em-canelado-liz;"BLUSA EM CANELADO LIZ";"INFANTIL PARA MENINAS > BLUSA MANGA LONGA";Tamanho;03;;;;;89.99;;0.00;0.00;0.00;0.00;1;80660;7899824858385;SIM;N츒;;;;;;SIM;;;;
blusa-em-canelado-liz;;;Tamanho;06;;;;;89.99;;0.00;0.00;0.00;0.00;1;80660;7899824858408;;;;;;;;;;;;
blusa-em-canelado-liz;;;Tamanho;08;;;;;99.99;;0.00;0.00;0.00;0.00;1;80660;7899824858415;;;;;;;;;;;;
blusa-em-canelado-liz;;;Tamanho;10;;;;;99.99;;0.00;0.00;0.00;0.00;1;80660;7899824858422;;;;;;;;;;;;
blusa-em-cotton-e-tule;"BLUSA EM COTTON E TULE";"INFANTIL PARA MENINAS > BLUSA MANGA LONGA";Tamanho;02;;;;;99.99;;0.00;0.00;0.00;0.00;1;79311;7899661394404;SIM;N츒;;;;;;SIM;;;;
blusa-em-cotton-e-tule;;;Tamanho;03;;;;;99.90;;0.00;0.00;0.00;0.00;1;79311;7899661394466;;;;;;;;;;;;
blusa-em-cotton-e-tule;;;Tamanho;06;;;;;119.90;;0.00;0.00;0.00;0.00;1;79311;7899661394442;;;;;;;;;;;;
blusa-em-cotton-e-tule;;;Tamanho;08;;;;;119.90;;0.00;0.00;0.00;0.00;1;79311;7899661394435;;;;;;;;;;;;
blusa-em-cotton-e-tule;;;Tamanho;10;;;;;119.90;;0.00;0.00;0.00;0.00;1;79311;7899661394428;;;;;;;;;;;;
blusa-em-cotton-e-malha-power;"BLUSA EM COTTON E MALHA POWER";"INFANTIL PARA MENINAS > BLUSA MANGA LONGA";Tamanho;02;;;;;79.99;;0.00;0.00;0.00;0.00;1;79230;7899661378909;SIM;N츒;;;;;;SIM;;;;
blusa-em-cotton-e-malha-power;;;Tamanho;04;;;;;79.99;;0.00;0.00;0.00;0.00;1;79230;7899661378886;;;;;;;;;;;;
blusa-em-cotton-e-malha-power;;;Tamanho;06;;;;;89.99;;0.00;0.00;0.00;0.00;1;79230;7899661378879;;;;;;;;;;;;
blusa-em-cotton-e-malha-power;;;Tamanho;08;;;;;89.99;;0.00;0.00;0.00;0.00;1;79230;7899661378862;;;;;;;;;;;;
blusa-em-cotton-e-malha-power;;;Tamanho;10;;;;;89.99;;0.00;0.00;0.00;0.00;1;79230;7899661378855;;;;;;;;;;;;
blusa-ursinho-termica-peluciado;"BLUSA URSINHO TRMICA PELUCIADO";"INFANTIL PARA MENINAS > BLUSA MANGA LONGA";Tamanho;02;;;;;89.90;;0.00;0.00;0.00;0.00;1;79247;7899661373713;SIM;N츒;;;;;;SIM;;;;
blusa-ursinho-termica-peluciado;;;Tamanho;03;;;;;89.99;;0.00;0.00;0.00;0.00;1;79247;7899661373775;;;;;;;;;;;;
blusa-ursinho-termica-peluciado;;;Tamanho;04;;;;;89.99;;0.00;0.00;0.00;0.00;1;79247;7899661373768;;;;;;;;;;;;
blusa-ursinho-termica-peluciado;;;Tamanho;06;;;;;109.99;;0.00;0.00;0.00;0.00;1;79247;7899661373751;;;;;;;;;;;;
blusa-ursinho-termica-peluciado;;;Tamanho;08;;;;;109.90;;0.00;0.00;0.00;0.00;1;79247;7899661373744;;;;;;;;;;;;
blusa-gatinha-lilas-em-cotton;"BLUSA GATINHA LIL쳅 EM COTTON";"INFANTIL PARA MENINAS > BLUSA MANGA LONGA";Tamanho;02;;;;;79.99;;0.00;0.00;0.00;0.00;1;79612;7899661391458;SIM;N츒;;;;;;SIM;;;;
blusa-gatinha-lilas-em-cotton;;;Tamanho;03;;;;;79.99;;0.00;0.00;0.00;0.00;1;79612;7899661391441;;;;;;;;;;;;
blusa-gatinha-lilas-em-cotton;;;Tamanho;04;;;;;79.90;;0.00;0.00;0.00;0.00;1;79612;7899661391434;;;;;;;;;;;;
blusa-gatinha-lilas-em-cotton;;;Tamanho;06;;;;;89.90;;0.00;0.00;0.00;0.00;1;79612;7899661391427;;;;;;;;;;;;
blusa-gatinha-lilas-em-cotton;;;Tamanho;08;;;;;89.90;;0.00;0.00;0.00;0.00;1;79612;7899661391410;;;;;;;;;;;;
blusao-em-moletom-3-cabos-em-pelucia;"BLUS츒 EM MOLETOM 3 CABOS EM PEL３IA";"JUVENIL MASCULINO > BLUSA MOLETON MENINO";Tamanho;14;;;;;229.90;;0.00;0.00;0.00;0.00;1;80743;7899824855506;SIM;N츒;;;;;;SIM;;;;
blusao-em-moletom-3-cabos-em-pelucia;;;Tamanho;16;;;;;229.90;;0.00;0.00;0.00;0.00;1;80743;7899824855490;;;;;;;;;;;;
blusao-em-moletom-3-cabos-em-pelucia;;;Tamanho;18;;;;;229.90;;0.00;0.00;0.00;0.00;1;80743;7899824855483;;;;;;;;;;;;
conjunto-blusao-em-moletom-calca-skinny-em-sarja-com-elastano;"CONJUNTO BLUS츒 EM MOLETOM CAL큐 SKINNY EM SARJA COM ELASTANO";"INFANTIL PARA MENINOS > CONJUNTOS";Tamanho;02;;;;;249.90;;0.00;0.00;0.00;0.00;1;79860;7899824898923;SIM;N츒;;;;;;SIM;;;;
conjunto-blusao-em-moletom-calca-skinny-em-sarja-com-elastano;;;Tamanho;03;;;;;249.90;;0.00;0.00;0.00;0.00;1;79860;7899824898909;;;;;;;;;;;;
conjunto-de-blusao-e-calcajogger-moletom-com-detalhes;"CONJUNTO DE BLUS츒 E CAL큐JOGGER MOLETOM COM DETALHES";"INFANTIL PARA MENINOS > CONJUNTOS";Tamanho;01;;;;;199.90;;0.00;0.00;0.00;0.00;1;79868;7899824884483;SIM;N츒;;;;;;SIM;;;;
conjunto-de-blusao-e-calcajogger-moletom-com-detalhes;;;Tamanho;02;;;;;199.90;;0.00;0.00;0.00;0.00;1;79868;7899824884476;;;;;;;;;;;;
conjunto-de-blusao-e-calcajogger-moletom-com-detalhes;;;Tamanho;03;;;;;199.90;;0.00;0.00;0.00;0.00;1;79868;7899824884490;;;;;;;;;;;;
conjunto-de-jaqueta-e-calca-jogger-em-moleton-com-pelucia;"CONJUNTO DE JAQUETA E CAL큐 JOGGER EM MOLETON COM PEL３IA";"INFANTIL PARA MENINOS > CONJUNTOS";Tamanho;08;;;;;289.90;;0.00;0.00;0.00;0.00;1;81288;7899824893744;SIM;N츒;;;;;;SIM;;;;
conjunto-de-jaqueta-e-calca-jogger-em-moleton-com-pelucia;;;Tamanho;10;;;;;329.90;;0.00;0.00;0.00;0.00;1;81288;7899824893737;;;;;;;;;;;;
conjunto-de-jaqueta-e-calca-jogger-em-moleton-com-pelucia;;;Tamanho;12;;;;;329.90;;0.00;0.00;0.00;0.00;1;81288;7899824893775;;;;;;;;;;;;
conjunto-de-jaqueta-e-calca-jogger-em-moleton-com-pelucia;;;Tamanho;14;;;;;329.90;;0.00;0.00;0.00;0.00;1;81288;7899824893720;;;;;;;;;;;;
conjunto-de-blusao-em-moletom-3-cabos-com-pelucia-e-calca-jogger-em-moletom;"CONJUNTO DE BLUS츒 EM MOLETOM 3 CABOS COM PEL３IA E CAL큐 JOGGER EM MOLETOM";"INFANTIL PARA MENINOS > CONJUNTOS";Tamanho;04;;;;;289.90;;0.00;0.00;0.00;0.00;1;80997;7899824871322;SIM;N츒;;;;;;SIM;;;;
conjunto-de-blusao-em-moletom-3-cabos-com-pelucia-e-calca-jogger-em-moletom;;;Tamanho;06;;;;;289.90;;0.00;0.00;0.00;0.00;1;80997;7899824871315;;;;;;;;;;;;
conjunto-de-blusao-em-moletom-3-cabos-com-pelucia-e-calca-jogger-em-moletom;;;Tamanho;08;;;;;289.90;;0.00;0.00;0.00;0.00;1;80997;7899824871308;;;;;;;;;;;;
conjunto-de-blusao-em-moletom-3-cabos-com-pelucia-e-calca-jogger-em-moletom;;;Tamanho;10;;;;;319.90;;0.00;0.00;0.00;0.00;1;80997;7899824871292;;;;;;;;;;;;
conjunto-de-blusao-em-moletom-3-cabos-com-pelucia-e-calca-jogger-em-moletom;;;Tamanho;12;;;;;319.90;;0.00;0.00;0.00;0.00;1;80997;7899824871285;;;;;;;;;;;;
conjunto-de-blusao-em-moletom-3-cabos-com-pelucia-e-calca-jogger-em-moletom;;;Tamanho;14;;;;;319.90;;0.00;0.00;0.00;0.00;1;80997;7899824871346;;;;;;;;;;;;
conjunto-de-blusao-empelo-xadrez-e-calca-jogger-em-moleton-com-pelucia;"CONJUNTO DE BLUS츒 EMPELO XADREZ E CAL큐 JOGGER EM MOLETON COM PEL３IA";"INFANTIL PARA MENINOS > CONJUNTOS";Tamanho;01;;;;;229.99;;0.00;0.00;0.00;0.00;1;79632;7899824821914;SIM;N츒;;;;;;SIM;;;;
conjunto-de-blusao-empelo-xadrez-e-calca-jogger-em-moleton-com-pelucia;;;Tamanho;02;;;;;229.90;;0.00;0.00;0.00;0.00;1;79632;7899824821952;;;;;;;;;;;;
conjunto-de-blusao-empelo-xadrez-e-calca-jogger-em-moleton-com-pelucia;;;Tamanho;03;;;;;229.90;;0.00;0.00;0.00;0.00;1;79632;7899824821938;;;;;;;;;;;;
conjunto-camisa-em-flanela-xadrez-com-camiseta-meia-malha-e-calca-comfy-sarja1;"CONJUNTO CAMISA EM FLANELA XADREZ COM CAMISETA MEIA MALHA E CAL큐 COMFY SARJA";"INFANTIL PARA MENINOS > CONJUNTOS";Tamanho;01;;;;;259.90;;0.00;0.00;0.00;0.00;1;79676;7899824811632;SIM;N츒;;;;;;SIM;;;;
conjunto-camisa-em-flanela-xadrez-com-camiseta-meia-malha-e-calca-comfy-sarja1;;;Tamanho;02;;;;;259.90;;0.00;0.00;0.00;0.00;1;79676;7899824811670;;;;;;;;;;;;
conjunto-de-blusao-em-moletom-liso-com-detalhes-relevo-e-calca-jogger-em-sarja-com-elastano1;"CONJUNTO DE BLUS츒 EM MOLETOM LISO COM DETALHES RELEVO E CAL큐 JOGGER EM SARJA COM ELASTANO";"INFANTIL PARA MENINOS > CONJUNTOS";Tamanho;01;;;;;259.90;;0.00;0.00;0.00;0.00;1;79881;7899946301387;SIM;N츒;;;;;;SIM;;;;
conjunto-de-blusao-em-moletom-liso-com-detalhes-relevo-e-calca-jogger-em-sarja-com-elastano1;;;Tamanho;02;;;;;259.90;;0.00;0.00;0.00;0.00;1;79881;7899946301394;;;;;;;;;;;;
conjunto-de-blusao-em-moletom-liso-com-detalhes-relevo-e-calca-jogger-em-sarja-com-elastano1;;;Tamanho;03;;;;;259.90;;0.00;0.00;0.00;0.00;1;79881;7899946301400;;;;;;;;;;;;
vestido-em-moleton-linho-sem-pelucia-acompanha-bolsa-em-pelo;"VESTIDO EM MOLETON LINHO SEM PEL３IA ACOMPANHA BOLSA EM PELO";"INFANTIL PARA MENINAS > VESTIDOS";Tamanho;03;;;;;189.90;;0.00;0.00;0.00;0.00;1;79668;7899824808014;SIM;N츒;;;;;;SIM;;;;
conjunto-blusa-em-cotton-shorts-saia-em-jeans-com-elastano;"CONJUNTO BLUSA EM COTTON SHORTS SAIA EM JEANS COM ELASTANO";"INFANTIL PARA MENINAS > CONJUNTOS";Tamanho;02;;;;;249.90;;0.00;0.00;0.00;0.00;1;79894;7899824824496;SIM;N츒;;;;;;SIM;;;;
conjunto-blusa-em-cotton-shorts-saia-em-jeans-com-elastano;;;Tamanho;04;;;;;249.90;;0.00;0.00;0.00;0.00;1;79894;7899824824519;;;;;;;;;;;;
conjunto-de-blusao-em-moletom-com-pelucia-e-calca-legging-termica1;"CONJUNTO DE BLUS츒 EM MOLETOM COM PEL３IA E CAL큐 LEGGING TRMICA";"INFANTIL PARA MENINAS > CONJUNTOS";Tamanho;"01 COR ROSA";;;;;179.90;;0.00;0.00;0.00;0.00;1;80335;7899824838752;SIM;N츒;;;;;;SIM;;;;
conjunto-de-blusao-em-moletom-com-pelucia-e-calca-legging-termica1;;;Tamanho;"02 AZUL MEDIO";;;;;179.90;;0.00;0.00;0.00;0.00;1;80335;7899824838820;;;;;;;;;;;;
conjunto-de-blusao-em-moletom-com-pelucia-e-calca-legging-termica1;;;Tamanho;"03 AZUL MEDIO";;;;;179.90;;0.00;0.00;0.00;0.00;1;80335;7899824838837;;;;;;;;;;;;
conjunto-de-camisa-em-viscose-sarjada-e-molecotton-com-calca-legging-em-couro;"CONJUNTO DE CAMISA EM VISCOSE SARJADA E MOLECOTTON COM CAL큐 LEGGING EM COURO";"INFANTIL PARA MENINAS > CONJUNTOS";;;;;;;199.90;;0.00;0.00;0.00;0.00;1;80349;80349;SIM;N츒;;;;;;SIM;;;;
conjunto-de-blusa-alongada-em-cotton-e-calca-legging-fly-tech;"CONJUNTO DE BLUSA ALONGADA EM COTTON E CAL큐 LEGGING FLY TECH";"INFANTIL PARA MENINAS > CONJUNTOS";Tamanho;01;;;;;159.90;;0.00;0.00;0.00;0.00;1;79779;7899824817252;SIM;N츒;;;;;;SIM;;;;
conjunto-de-blusa-alongada-em-cotton-e-calca-legging-fly-tech;;;Tamanho;02;;;;;159.90;;0.00;0.00;0.00;0.00;1;79779;7899824817313;;;;;;;;;;;;
conjunto-de-blusa-alongada-em-cotton-e-calca-legging-fly-tech;;;Tamanho;04;;;;;159.90;;0.00;0.00;0.00;0.00;1;79779;7899824817290;;;;;;;;;;;;
conjunto-de-blusa-alongada-em-cotton-e-calca-legging-fly-tech;;;Tamanho;06;;;;;179.90;;0.00;0.00;0.00;0.00;1;79779;7899824817283;;;;;;;;;;;;
conjunto-de-blusa-alongada-em-cotton-e-calca-legging-fly-tech;;;Tamanho;08;;;;;179.90;;0.00;0.00;0.00;0.00;1;79779;7899824817276;;;;;;;;;;;;
conjunto-de-blusao-em-pelo-bordado-flor-com-calca-legging-termica;"CONJUNTO DE BLUS츒 EM PELO BORDADO FLOR COM CAL큐 LEGGING TRMICA";"INFANTIL PARA MENINAS > CONJUNTOS";Tamanho;01;;;;;189.99;;0.00;0.00;0.00;0.00;1;79595;7899824802999;SIM;N츒;;;;;;SIM;;;;
conjunto-de-blusao-em-pelo-bordado-flor-com-calca-legging-termica;;;Tamanho;02;;;;;189.99;;0.00;0.00;0.00;0.00;1;79595;7899824803033;;;;;;;;;;;;
conjunto-de-blusao-em-moletom-com-pelucia-e-calca-legging-termica;"CONJUNTO DE BLUS츒 EM MOLETOM COM PEL３IA E CAL큐 LEGGING TRMICA";"INFANTIL PARA MENINAS > CONJUNTOS";Tamanho;01;;;;;189.90;;0.00;0.00;0.00;0.00;1;79618;7899824806164;SIM;N츒;;;;;;SIM;;;;
conjunto-de-blusao-em-moletom-com-pelucia-e-calca-legging-termica;;;Tamanho;02;;;;;189.90;;0.00;0.00;0.00;0.00;1;79618;7899824806171;;;;;;;;;;;;
conjunto-de-jaqueta-em-moletom-peluciado-e-calca-em-malha-denim;"CONJUNTO DE JAQUETA EM MOLETOM PELUCIADO E CAL큐 EM MALHA DENIM";"INFANTIL PARA MENINAS > CONJUNTOS";Tamanho;01;;;;;229.90;;0.00;0.00;0.00;0.00;1;80059;7899824828975;SIM;N츒;;;;;;SIM;;;;
conjunto-de-jaqueta-em-moletom-peluciado-e-calca-em-malha-denim;;;Tamanho;02;;;;;229.90;;0.00;0.00;0.00;0.00;1;80059;7899824829019;;;;;;;;;;;;
conjunto-de-jaqueta-em-moletom-peluciado-e-calca-em-malha-denim;;;Tamanho;03;;;;;229.90;;0.00;0.00;0.00;0.00;1;80059;7899824828999;;;;;;;;;;;;
conjunto-blusao-rosa-e-calca-legging-em-molecotton;"CONJUNTO BLUS츒 ROSA E CAL큐 LEGGING EM MOLECOTTON";"INFANTIL PARA MENINAS > CONJUNTOS";Tamanho;02;;;;;199.99;;0.00;0.00;0.00;0.00;1;7965303;7899824806430;SIM;N츒;;;;;;SIM;;;;
conjunto-blusao-rosa-e-calca-legging-em-molecotton;;;Tamanho;03;;;;;199.90;;0.00;0.00;0.00;0.00;1;7965303;7899824806447;;;;;;;;;;;;
conjunto-blusao-rosa-e-calca-legging-em-molecotton;;;Tamanho;06;;;;;199.90;;0.00;0.00;0.00;0.00;1;7965303;7899824806492;;;;;;;;;;;;
conjunto-blusao-rosa-e-calca-legging-em-molecotton;;;Tamanho;10;;;;;239.99;;0.00;0.00;0.00;0.00;1;7965303;7899824806478;;;;;;;;;;;;
conjunto-blusao-rosa-e-calca-legging-em-molecotton;;;Tamanho;12;;;;;239.99;;0.00;0.00;0.00;0.00;1;7965303;7899824806461;;;;;;;;;;;;
conjunto-de-blusao-ursinho-em-moletom-e-calca-legging-termica;"CONJUNTO DE BLUS츒 URSINHO EM MOLETOM E CAL큐 LEGGING TRMICA";"INFANTIL PARA MENINAS > CONJUNTOS";Tamanho;03;;;;;189.90;;0.00;0.00;0.00;0.00;1;80339;7899824839575;SIM;N츒;;;;;;SIM;;;;
conjunto-de-blusao-ursinho-em-moletom-e-calca-legging-termica;;;Tamanho;04;;;;;189.90;;0.00;0.00;0.00;0.00;1;80339;7899824839629;;;;;;;;;;;;
conjunto-de-blusao-ursinho-em-moletom-e-calca-legging-termica;;;Tamanho;08;;;;;229.90;;0.00;0.00;0.00;0.00;1;80339;7899824839605;;;;;;;;;;;;
conjunto-de-blusao-ursinho-em-moletom-e-calca-legging-termica;;;Tamanho;10;;;;;229.90;;0.00;0.00;0.00;0.00;1;80339;7899824839612;;;;;;;;;;;;
conjunto-de-blusao-ursinho-em-moletom-e-calca-legging-termica;;;Tamanho;12;;;;;219.90;;0.00;0.00;0.00;0.00;1;80339;7899824839582;;;;;;;;;;;;
conjunto-de-blusao-em-moletom-cachorrinho-e-calca-termoski;"CONJUNTO DE BLUS츒 EM MOLETOM CACHORRINHO E CAL큐 TERMOSKI";"INFANTIL PARA MENINAS > CONJUNTOS";Tamanho;02;;;;;169.90;;0.00;0.00;0.00;0.00;1;79804;7899824819256;SIM;N츒;;;;;;SIM;;;;
conjunto-de-blusao-em-moletom-cachorrinho-e-calca-termoski;;;Tamanho;03;;;;;169.90;;0.00;0.00;0.00;0.00;1;79804;7899824819263;;;;;;;;;;;;
conjunto-de-blusao-em-moletom-cachorrinho-e-calca-termoski;;;Tamanho;04;;;;;169.90;;0.00;0.00;0.00;0.00;1;79804;7899824819317;;;;;;;;;;;;
conjunto-de-blusao-em-moletom-cachorrinho-e-calca-termoski;;;Tamanho;08;;;;;219.90;;0.00;0.00;0.00;0.00;1;79804;7899824819294;;;;;;;;;;;;
conjunto-de-blusao-em-moletom-cachorrinho-e-calca-termoski;;;Tamanho;10;;;;;219.90;;0.00;0.00;0.00;0.00;1;79804;7899824819300;;;;;;;;;;;;
conjunto-lilas-blusao-em-moletom-peluciado-com-calca-legging-termica;"CONJUNTO LIL쳅 BLUS츒 EM MOLETOM PELUCIADO COM CAL큐 LEGGING TRMICA";"INFANTIL PARA MENINAS > CONJUNTOS";Tamanho;01;;;;;199.90;;0.00;0.00;0.00;0.00;1;80341;7899824840816;SIM;N츒;;;;;;SIM;;;;
conjunto-lilas-blusao-em-moletom-peluciado-com-calca-legging-termica;;;Tamanho;02;;;;;199.90;;0.00;0.00;0.00;0.00;2;80341;7899824840809;;;;;;;;;;;;
conjunto-lilas-blusao-em-moletom-peluciado-com-calca-legging-termica;;;Tamanho;08;;;;;219.90;;0.00;0.00;0.00;0.00;1;80341;7899824840854;;;;;;;;;;;;
conjunto-colete-metalasse-com-bata-e-legging-termica;"CONJUNTO COLETE METALASS COM BATA E LEGGING TRMICA";"INFANTIL PARA MENINAS > CONJUNTOS";Tamanho;01;;;;;229.99;;0.00;0.00;0.00;0.00;1;79607;7899824815852;SIM;N츒;;;;;;SIM;;;;
conjunto-colete-metalasse-com-bata-e-legging-termica;;;Tamanho;02;;;;;229.90;;0.00;0.00;0.00;0.00;1;79607;7899824815890;;;;;;;;;;;;
conjunto-colete-metalasse-com-bata-e-legging-termica;;;Tamanho;03;;;;;229.90;;0.00;0.00;0.00;0.00;1;79607;7899824815876;;;;;;;;;;;;
conjunto-ursinho-de-bata-em-malha-comfy-com-calca-cotton-jeans;"CONJUNTO URSINHO DE BATA EM MALHA COMFY COM CAL큐 COTTON JEANS";"INFANTIL PARA MENINAS > CONJUNTOS";Tamanho;01;;;;;169.90;;0.00;0.00;0.00;0.00;1;80562;7899824863907;SIM;N츒;;;;;;SIM;;;;
conjunto-ursinho-de-bata-em-malha-comfy-com-calca-cotton-jeans;;;Tamanho;02;;;;;169.90;;0.00;0.00;0.00;0.00;1;80562;7899824863945;;;;;;;;;;;;
conjunto-ursinho-de-bata-em-malha-comfy-com-calca-cotton-jeans;;;Tamanho;03;;;;;169.90;;0.00;0.00;0.00;0.00;1;80562;7899824863921;;;;;;;;;;;;
conjunto-de-bata-ursinho-em-cotton-com-calca-legging-em-molecotton;"CONJUNTO DE BATA URSINHO EM COTTON COM CAL큐 LEGGING EM MOLECOTTON";"INFANTIL PARA MENINAS > CONJUNTOS";Tamanho;01;;;;;149.90;;0.00;0.00;0.00;0.00;1;80355;7899824856374;SIM;N츒;;;;;;SIM;;;;
conjunto-de-bata-ursinho-em-cotton-com-calca-legging-em-molecotton;;;Tamanho;02;;;;;149.90;;0.00;0.00;0.00;0.00;1;80355;7899824856411;;;;;;;;;;;;
conjunto-de-bata-ursinho-em-cotton-com-calca-legging-em-molecotton;;;Tamanho;03;;;;;149.90;;0.00;0.00;0.00;0.00;1;80355;7899824856404;;;;;;;;;;;;
conjunto-de-blusao-em-moletom-cachorrinho-sem-pelucia-e-calca-legging-em-fly-tech;"CONJUNTO DE BLUS츒 EM MOLETOM CACHORRINHO SEM PEL３IA E CAL큐 LEGGING EM FLY TECH";"INFANTIL PARA MENINAS > CONJUNTOS";Tamanho;01;;;;;169.90;;0.00;0.00;0.00;0.00;1;80311;7899824841165;SIM;N츒;;;;;;SIM;;;;
conjunto-de-blusao-em-moletom-cachorrinho-sem-pelucia-e-calca-legging-em-fly-tech;;;Tamanho;02;;;;;169.90;;0.00;0.00;0.00;0.00;1;80311;7899824841172;;;;;;;;;;;;
conjunto-de-blusao-em-moletom-cachorrinho-sem-pelucia-e-calca-legging-em-fly-tech;;;Tamanho;03;;;;;169.90;;0.00;0.00;0.00;0.00;1;80311;7899824841189;;;;;;;;;;;;
comjunto-de-bata-em-malha-power-corujinha-com-calca-legging-malha-soft-line;"COMJUNTO DE BATA EM MALHA POWER CORUJINHA COM CAL큐 LEGGING MALHA SOFT LINE";"INFANTIL PARA MENINAS > CONJUNTOS";Tamanho;01;;;;;159.90;;0.00;0.00;0.00;0.00;1;80072;7899824829064;SIM;N츒;;;;;;SIM;;;;
comjunto-de-bata-em-malha-power-corujinha-com-calca-legging-malha-soft-line;;;Tamanho;02;;;;;159.90;;0.00;0.00;0.00;0.00;1;80072;7899824829071;;;;;;;;;;;;
comjunto-de-bata-em-malha-power-corujinha-com-calca-legging-malha-soft-line;;;Tamanho;03;;;;;0.00;;0.00;0.00;0.00;0.00;1;80072;7899824829088;;;;;;;;;;;;
comjunto-de-bata-em-malha-power-corujinha-com-calca-legging-malha-soft-line;;;Tamanho;04;;;;;169.90;;0.00;0.00;0.00;0.00;1;80072;7899824829132;;;;;;;;;;;;
comjunto-de-bata-em-malha-power-corujinha-com-calca-legging-malha-soft-line;;;Tamanho;08;;;;;189.90;;0.00;0.00;0.00;0.00;1;80072;7899824829118;;;;;;;;;;;;
comjunto-de-bata-em-malha-power-corujinha-com-calca-legging-malha-soft-line;;;Tamanho;10;;;;;189.90;;0.00;0.00;0.00;0.00;1;80072;7899824829125;;;;;;;;;;;;
conjunto-blusao-moletom-ursinho-peluciado-com-legging-termica;"CONJUNTO BLUS츒 MOLETOM URSINHO PELUCIADO COM LEGGING TRMICA";"INFANTIL PARA MENINAS > CONJUNTOS";Tamanho;02;;;;;189.90;;0.00;0.00;0.00;0.00;1;79652;7899824803415;SIM;N츒;;;;;;SIM;;;;
conjunto-blusao-moletom-ursinho-peluciado-com-legging-termica;;;Tamanho;03;;;;;159.90;;0.00;0.00;0.00;0.00;1;79652;7899824803408;;;;;;;;;;;;
conjunto-blusao-moletom-ursinho-peluciado-com-legging-termica;;;Tamanho;04;;;;;159.90;;0.00;0.00;0.00;0.00;1;79652;7899824803392;;;;;;;;;;;;
conjunto-blusao-moletom-ursinho-peluciado-com-legging-termica;;;Tamanho;06;;;;;219.90;;0.00;0.00;0.00;0.00;1;79652;7899824803385;;;;;;;;;;;;
conjunto-blusao-moletom-ursinho-peluciado-com-legging-termica;;;Tamanho;08;;;;;219.90;;0.00;0.00;0.00;0.00;1;79652;7899824803378;;;;;;;;;;;;
conjunto-blusao-moletom-ursinho-peluciado-com-legging-termica;;;Tamanho;10;;;;;219.90;;0.00;0.00;0.00;0.00;1;79652;7899824803361;;;;;;;;;;;;
conjunto-de-blusao-gatinho-em-moletom-pelucia-e-calca-legging-em-couro-sintetico;"CONJUNTO DE BLUS츒 GATINHO EM MOLETOM PEL３IA E CAL큐 LEGGING EM COURO SINT텞ICO";"INFANTIL PARA MENINAS > CONJUNTOS";Tamanho;03;;;;;189.99;;0.00;0.00;0.00;0.00;1;79806;7899824821471;SIM;N츒;;;;;;SIM;;;;
conjunto-de-blusao-gatinho-em-moletom-pelucia-e-calca-legging-em-couro-sintetico;;;Tamanho;04;;;;;189.99;;0.00;0.00;0.00;0.00;1;79806;7899824821488;;;;;;;;;;;;
conjunto-de-blusao-gatinho-em-moletom-pelucia-e-calca-legging-em-couro-sintetico;;;Tamanho;06;;;;;219.90;;0.00;0.00;0.00;0.00;1;79806;7899824821532;;;;;;;;;;;;
conjunto-de-blusao-gatinho-em-moletom-pelucia-e-calca-legging-em-couro-sintetico;;;Tamanho;08;;;;;219.90;;0.00;0.00;0.00;0.00;1;79806;7899824821501;;;;;;;;;;;;
conjunto-de-blusao-gatinho-em-moletom-pelucia-e-calca-legging-em-couro-sintetico;;;Tamanho;10;;;;;219.90;;0.00;0.00;0.00;0.00;1;79806;7899824821518;;;;;;;;;;;;
conjunto-de-blusao-gatinho-em-moletom-pelucia-e-calca-legging-em-couro-sintetico;;;Tamanho;12;;;;;219.90;;0.00;0.00;0.00;0.00;1;79806;7899824821525;;;;;;;;;;;;
tenis-mississipi-foggia-gelo;"T툁IS MISSISSIPI FOGGIA GELO";"FEMININO > CALCADOS";Tamanho;34;;;;;189.90;;0.00;0.00;0.00;0.00;1;00153;7900132724627;SIM;N츒;;;;;;SIM;;;;
tenis-mississipi-foggia-gelo;;;Tamanho;35;;;;;189.90;;0.00;0.00;0.00;0.00;1;00153;7900132649470;;;;;;;;;;;;
tenis-mississipi-foggia-gelo;;;Tamanho;36;;;;;189.99;;0.00;0.00;0.00;0.00;3;00153;7900132724634;;;;;;;;;;;;
tenis-mississipi-foggia-gelo;;;Tamanho;37;;;;;189.99;;0.00;0.00;0.00;0.00;2;00153;7900132724641;;;;;;;;;;;;
tenis-mississipi-foggia-gelo;;;Tamanho;38;;;;;189.99;;0.00;0.00;0.00;0.00;1;00153;7900132724658;;;;;;;;;;;;
tenis-mississipi-foggia-gelo;;;Tamanho;39;;;;;189.99;;0.00;0.00;0.00;0.00;1;00153;7900132724665;;;;;;;;;;;;
conjunto-de-blusao-em-moleton-cachorrinho-com-calca-legging-termica;"CONJUNTO DE BLUS츒 EM MOLETON CACHORRINHO COM CAL큐 LEGGING TRMICA";"INFANTIL PARA MENINAS > CONJUNTOS";Tamanho;01;;;;;179.90;;0.00;0.00;0.00;0.00;1;80436;7899824847396;SIM;N츒;;;;;;SIM;;;;
conjunto-de-blusao-em-moleton-cachorrinho-com-calca-legging-termica;;;Tamanho;02;;;;;179.90;;0.00;0.00;0.00;0.00;1;80436;7899824847402;;;;;;;;;;;;
conjunto-de-blusao-em-moleton-cachorrinho-com-calca-legging-termica;;;Tamanho;03;;;;;179.99;;0.00;0.00;0.00;0.00;1;80436;7899824847419;;;;;;;;;;;;
conjunto-de-blusao-em-moleton-cachorrinho-com-calca-legging-termica;;;Tamanho;06;;;;;219.90;;0.00;0.00;0.00;0.00;1;80436;7899824847433;;;;;;;;;;;;
conjunto-de-blusao-em-moleton-cachorrinho-com-calca-legging-termica;;;Tamanho;08;;;;;219.90;;0.00;0.00;0.00;0.00;1;80436;7899824847440;;;;;;;;;;;;
conjunto-de-blusao-em-moleton-cachorrinho-com-calca-legging-termica;;;Tamanho;10;;;;;219.90;;0.00;0.00;0.00;0.00;1;80436;7899824847457;;;;;;;;;;;;
conjunto-de-blusao-em-moleton-cachorrinho-com-calca-legging-termica;;;Tamanho;12;;;;;219.90;;0.00;0.00;0.00;0.00;1;80436;7899824847426;;;;;;;;;;;;
conjunto-de-blusao-em-moleton-cachorrinho-com-calca-legging-termica;;;Tamanho;04;;;;;179.99;;0.00;0.00;0.00;0.00;1;80436;7899824847464;;;;;;;;;;;;
conjunto-de-blusa-alongada-em-malha-e-calca-legging-em-fly-tech;"CONJUNTO DE BLUSA ALONGADA EM MALHA E CAL큐 LEGGING EM FLY TECH";"INFANTIL PARA MENINAS > CONJUNTOS";Tamanho;01;;;;;179.90;;0.00;0.00;0.00;0.00;1;079226;7899824813438;SIM;N츒;;;;;;SIM;;;;
conjunto-de-blusa-alongada-em-malha-e-calca-legging-em-fly-tech;;;Tamanho;02;;;;;179.99;;0.00;0.00;0.00;0.00;1;079226;7899824813421;;;;;;;;;;;;
conjunto-de-blusa-alongada-em-malha-e-calca-legging-em-fly-tech;;;Tamanho;03;;;;;179.99;;0.00;0.00;0.00;0.00;1;079226;7899824813445;;;;;;;;;;;;
conjunto-de-blusa-alongada-em-malha-e-calca-legging-em-fly-tech;;;Tamanho;04;;;;;179.99;;0.00;0.00;0.00;0.00;1;079226;7899824813490;;;;;;;;;;;;
conjunto-de-blusa-alongada-em-malha-e-calca-legging-em-fly-tech;;;Tamanho;06;;;;;199.90;;0.00;0.00;0.00;0.00;1;079226;7899824813469;;;;;;;;;;;;
conjunto-de-blusa-alongada-em-malha-e-calca-legging-em-fly-tech;;;Tamanho;08;;;;;199.90;;0.00;0.00;0.00;0.00;1;079226;7899824813476;;;;;;;;;;;;
conjunto-de-blusa-alongada-em-malha-e-calca-legging-em-fly-tech;;;Tamanho;10;;;;;199.90;;0.00;0.00;0.00;0.00;1;079226;7899824813483;;;;;;;;;;;;
conjunto-de-blusao-em-pelo-carneirinho-paete-com-calca-legging-termica1;"CONJUNTO DE BLUS츒 EM PELO CARNEIRINHO PAET COM CAL큐 LEGGING TRMICA";"INFANTIL PARA MENINAS > CONJUNTOS";Tamanho;06;;;;;289.90;;0.00;0.00;0.00;0.00;1;79646;7899824803118;SIM;N츒;;;;;;SIM;;;;
conjunto-de-blusao-em-pelo-carneirinho-paete-com-calca-legging-termica1;;;Tamanho;8;;;;;289.99;;0.00;0.00;0.00;0.00;1;79646;7899824803088;;;;;;;;;;;;
conjunto-de-blusao-em-pelo-carneirinho-paete-com-calca-legging-termica1;;;Tamanho;10;;;;;289.99;;0.00;0.00;0.00;0.00;1;79646;7899824803101;;;;;;;;;;;;
conjunto-de-blusao-em-pelo-carneirinho-paete-com-calca-legging-termica1;;;Tamanho;03;;;;;239.99;;0.00;0.00;0.00;0.00;1;79646;7899824803057;;;;;;;;;;;;
conjunto-de-blusao-de-moletom-3-cabos-com-pelucia-e-calca-legging-termica;"CONJUNTO DE BLUS츒 DE MOLETOM, 3 CABOS COM PELUCIA E CAL큐 LEGGING TRMICA";"INFANTIL PARA MENINAS > CONJUNTOS";Tamanho;03;;;;;179.90;;0.00;0.00;0.00;0.00;1;9225;7899661381152;SIM;N츒;;;;;;SIM;;;;
conjunto-de-blusao-de-moletom-3-cabos-com-pelucia-e-calca-legging-termica;;;Tamanho;04;;;;;179.99;;0.00;0.00;0.00;0.00;1;9225;7899661381145;;;;;;;;;;;;
conjunto-de-blusao-de-moletom-3-cabos-com-pelucia-e-calca-legging-termica;;;Tamanho;06;;;;;189.99;;0.00;0.00;0.00;0.00;1;9225;7899661381138;;;;;;;;;;;;
conjunto-de-blusao-de-moletom-3-cabos-com-pelucia-e-calca-legging-termica;;;Tamanho;08;;;;;189.99;;0.00;0.00;0.00;0.00;1;9225;7899661381121;;;;;;;;;;;;
conjunto-de-blusao-de-moletom-3-cabos-com-pelucia-e-calca-legging-termica;;;Tamanho;10;;;;;189.99;;0.00;0.00;0.00;0.00;1;9225;7899661381114;;;;;;;;;;;;
conjunto-de-blusao-de-moletom-3-cabos-com-pelucia-e-calca-legging-termica;;;Tamanho;12;;;;;189.90;;0.00;0.00;0.00;0.00;1;9225;7899661381107;;;;;;;;;;;;
conjunto-de-blusao-em-maxi-sheep-com-calca-legging-termica;"CONJUNTO DE BLUS츒 EM MAXI SHEEP COM CAL큐 LEGGING TRMICA";"INFANTIL PARA MENINAS > CONJUNTOS";Tamanho;4;;;;;229.90;;0.00;0.00;0.00;0.00;1;81239;7899946331940;SIM;N츒;;;;;;SIM;;;;
conjunto-de-blusao-em-maxi-sheep-com-calca-legging-termica;;;Tamanho;6;;;;;229.90;;0.00;0.00;0.00;0.00;1;81239;7899946331995;;;;;;;;;;;;
conjunto-de-blusao-em-maxi-sheep-com-calca-legging-termica;;;Tamanho;8;;;;;249.99;;0.00;0.00;0.00;0.00;1;81239;7899946331964;;;;;;;;;;;;
conjunto-de-blusao-em-maxi-sheep-com-calca-legging-termica;;;Tamanho;10;;;;;249.90;;0.00;0.00;0.00;0.00;1;81239;7899946331971;;;;;;;;;;;;
conjunto-de-blusao-em-maxi-sheep-com-calca-legging-termica;;;Tamanho;12;;;;;249.90;;0.00;0.00;0.00;0.00;1;81239;7899946331988;;;;;;;;;;;;
macacao-infantil-peluciado-rosa;"MACAC츒 INFANTIL PELUCIADO ROSA";"INFANTIL PARA MENINAS > MACAC츒";Tamanho;2;;;;;119.90;;0.00;0.00;0.00;0.00;1;146312;7899600965085;SIM;N츒;;;;;;SIM;;;;
macacao-infantil-peluciado-rosa;;;Tamanho;3;;;;;119.90;;0.00;0.00;0.00;0.00;1;146312;7899600965092;;;;;;;;;;;;
macacao-infantil-peluciado-rosa;;;Tamanho;4;;;;;129.90;;0.00;0.00;0.00;0.00;1;146312;7899600965108;;;;;;;;;;;;
macacao-infantil-peluciado-rosa;;;Tamanho;6;;;;;129.90;;0.00;0.00;0.00;0.00;1;146312;7899600965115;;;;;;;;;;;;
tenis-dakota-casual-colorido;"T툁IS DAKOTA CASUAL COLORIDO";"FEMININO > CALCADOS";Tamanho;34;;;;;239.99;;0.00;0.00;0.00;0.00;1;0241;7900132926267;SIM;N츒;;;;;;SIM;;;;
tenis-dakota-casual-colorido;;;Tamanho;36;;;;;239.90;;0.00;0.00;0.00;0.00;3;0241;7900132926274;;;;;;;;;;;;
tenis-dakota-casual-colorido;;;Tamanho;37;;;;;239.99;;0.00;0.00;0.00;0.00;3;0241;7900132926281;;;;;;;;;;;;
tenis-dakota-casual-colorido;;;Tamanho;38;;;;;239.99;;0.00;0.00;0.00;0.00;2;0241;7900132926298;;;;;;;;;;;;
tenis-dakota-casual-colorido;;;Tamanho;39;;;;;239.99;;0.00;0.00;0.00;0.00;1;0241;7900132926304;;;;;;;;;;;;
tenis-dakota-casual-branco;"T툁IS DAKOTA CASUAL BRANCO";"FEMININO > CALCADOS";Tamanho;34;;;;;229.90;;0.00;0.00;0.00;0.00;1;0182;7900132861544;SIM;N츒;;;;;;SIM;;;;
tenis-dakota-casual-branco;;;Tamanho;35;;;;;229.90;;0.00;0.00;0.00;0.00;2;0182;7900132861629;;;;;;;;;;;;
tenis-dakota-casual-branco;;;Tamanho;36;;;;;229.90;;0.00;0.00;0.00;0.00;3;0182;7900132861704;;;;;;;;;;;;
tenis-dakota-casual-branco;;;Tamanho;37;;;;;229.90;;0.00;0.00;0.00;0.00;2;0182;7900132861766;;;;;;;;;;;;
tenis-dakota-casual-branco;;;Tamanho;38;;;;;229.90;;0.00;0.00;0.00;0.00;1;0182;7900132861841;;;;;;;;;;;;
tenis-dakota-casual-branco;;;Tamanho;39;;;;;229.90;;0.00;0.00;0.00;0.00;1;0182;7900132861919;;;;;;;;;;;;
tenis-kolosh-flatform-bege-claro;"T툁IS KOLOSH FLATFORM BEGE CLARO";"FEMININO > CALCADOS";Tamanho;34;;;;;239.90;;0.00;0.00;0.00;0.00;1;3947;7900132770365;SIM;N츒;;;;;;SIM;;;;
tenis-kolosh-flatform-bege-claro;;;Tamanho;35;;;;;239.90;;0.00;0.00;0.00;0.00;2;3947;7900132693930;;;;;;;;;;;;
tenis-kolosh-flatform-bege-claro;;;Tamanho;36;;;;;239.90;;0.00;0.00;0.00;0.00;1;3947;7900132770372;;;;;;;;;;;;
tenis-kolosh-flatform-bege-claro;;;Tamanho;37;;;;;239.90;;0.00;0.00;0.00;0.00;2;3947;7900132770389;;;;;;;;;;;;
tenis-kolosh-flatform-bege-claro;;;Tamanho;39;;;;;239.90;;0.00;0.00;0.00;0.00;1;3947;7900132770396;;;;;;;;;;;;
tenis-kolosh-casual-de-couro-bege-e-caramelo;"T툁IS KOLOSH CASUAL DE COURO BEGE E CARAMELO";"FEMININO > CALCADOS";Tamanho;34;;;;;259.99;;0.00;0.00;0.00;0.00;1;4161;7900132864101;SIM;N츒;;;;;;SIM;;;;
tenis-kolosh-casual-de-couro-bege-e-caramelo;;;Tamanho;35;;;;;259.99;;0.00;0.00;0.00;0.00;2;4161;7900132767204;;;;;;;;;;;;
tenis-kolosh-casual-de-couro-bege-e-caramelo;;;Tamanho;36;;;;;259.99;;0.00;0.00;0.00;0.00;2;4161;7900132864156;;;;;;;;;;;;
tenis-kolosh-casual-de-couro-bege-e-caramelo;;;Tamanho;37;;;;;259.90;;0.00;0.00;0.00;0.00;1;4161;7900132864194;;;;;;;;;;;;
tenis-kolosh-casual-de-couro-bege-e-caramelo;;;Tamanho;39;;;;;259.90;;0.00;0.00;0.00;0.00;1;4161;7900132864262;;;;;;;;;;;;
tenis-mississipi-casual-bege-claro;"T툁IS MISSISSIPI CASUAL BEGE CLARO";"FEMININO > CALCADOS";Tamanho;35;;;;;169.99;;0.00;0.00;0.00;0.00;2;00151;7900132134181;SIM;N츒;;;;;;SIM;;;;
tenis-mississipi-casual-bege-claro;;;Tamanho;36;;;;;169.90;;0.00;0.00;0.00;0.00;3;00151;7900132205140;;;;;;;;;;;;
tenis-mississipi-casual-bege-claro;;;Tamanho;37;;;;;169.90;;0.00;0.00;0.00;0.00;3;00151;7900132205157;;;;;;;;;;;;
tenis-mississipi-casual-bege-claro;;;Tamanho;38;;;;;169.90;;0.00;0.00;0.00;0.00;2;00151;7900132205164;;;;;;;;;;;;
tenis-mississipi-casual-bege-claro;;;Tamanho;39;;;;;169.90;;0.00;0.00;0.00;0.00;1;00151;7900132205171;;;;;;;;;;;;
tenis-mississipi-casual-caramelo;"T툁IS MISSISSIPI CASUAL CARAMELO";"FEMININO > CALCADOS";Tamanho;34;;;;;169.99;;0.00;0.00;0.00;0.00;1;000152;7900132726904;SIM;N츒;;;;;;SIM;;;;
tenis-mississipi-casual-caramelo;;;Tamanho;35;;;;;169.99;;0.00;0.00;0.00;0.00;2;000152;7900132649463;;;;;;;;;;;;
tenis-mississipi-casual-caramelo;;;Tamanho;36;;;;;169.99;;0.00;0.00;0.00;0.00;3;000152;7900132726911;;;;;;;;;;;;
tenis-mississipi-casual-caramelo;;;Tamanho;37;;;;;169.99;;0.00;0.00;0.00;0.00;3;000152;7900132726928;;;;;;;;;;;;
tenis-mississipi-casual-caramelo;;;Tamanho;38;;;;;169.99;;0.00;0.00;0.00;0.00;1;000152;7900132726935;;;;;;;;;;;;
tenis-mississipi-casual-caramelo;;;Tamanho;39;;;;;169.99;;0.00;0.00;0.00;0.00;1;000152;7900132726942;;;;;;;;;;;;
bota-mississipi-feminina-preta-com-elastico;"BOTA MISSISSIPI FEMININA PRETA COM EL쳅TICO";"FEMININO > CALCADOS";Tamanho;34;;;;;219.90;;0.00;0.00;0.00;0.00;1;000322;7900132842185;N츒;N츒;;;;;;SIM;;;;
bota-mississipi-feminina-preta-com-elastico;;;Tamanho;35;;;;;219.90;;0.00;0.00;0.00;0.00;2;000322;7900132769444;;;;;;;;;;;;
bota-mississipi-feminina-preta-com-elastico;;;Tamanho;36;;;;;219.90;;0.00;0.00;0.00;0.00;1;000322;7900132789695;;;;;;;;;;;;
bota-mississipi-feminina-preta-com-elastico;;;Tamanho;37;;;;;219.99;;0.00;0.00;0.00;0.00;3;000322;7900132842208;;;;;;;;;;;;
bota-mississipi-feminina-preta-com-elastico;;;Tamanho;38;;;;;219.90;;0.00;0.00;0.00;0.00;1;000322;7900132842215;;;;;;;;;;;;
bota-mississipi-feminina-preta-com-elastico;;;Tamanho;39;;;;;219.99;;0.00;0.00;0.00;0.00;1;000322;7900132842222;;;;;;;;;;;;
